{
	"powers": [
                "sculksieg:sculk_shader",
                "sculksieg:sculk_underground",
                "sculksieg:toggle",
                "sculksieg:particles",
                "sculksieg:sculk_hurt",
                "origins:velvet_paws",
                "sculksieg:sculkprotection",
                "sculksieg:sculk_vision",
                "sculksieg:sculk_effect",
                "sculksieg:sculk_size",
                "sculksieg:sculk_echolocation",
                "sculksieg:fallimmune",
                "sculksieg:sculk_undervision",
                "sculksieg:sixsense",
                "sculksieg:sculkphase",
                "sculksieg:actualrender",
                "sculksieg:pulse_toggle",
                "sculksieg:senserender",
                "sculksieg:sculktype",
                "sculksieg:overlay",
                "sculksieg:steal",
                "sculksieg:sizetoggle",
                "sculksieg:sculksounds",
                "sculksieg:sculk_shader2"
	],
	"icon": "minecraft:sculk_sensor",
	"order": 10,
	"impact": 3,
	"name": "Sᴄᴜʟᴋ Iɴғᴇᴄᴛɪᴏɴ",
	"description": "Iɴʜᴀʙɪᴛᴀɴᴛs ᴏғ ᴛʜᴇ ᴅᴇᴇᴘᴇsᴛ, ᴛʜᴇ Sᴄᴜʟᴋ Iɴғᴇᴄᴛɪᴏɴ ɪs ᴀ ʀᴀᴄᴇ ᴛʜᴀᴛ ᴍᴏᴠᴇs ᴛʜʀᴏᴜɢʜ ᴠɪʙʀᴀᴛɪᴏɴs, ɪᴛ ɪs ɴᴏᴛ ᴜsᴜᴀʟʟʏ ᴀɢɢʀᴇssɪᴠᴇ ɪғ ɪᴛ ᴅᴏᴇs ɴᴏᴛ ғᴇᴇʟ ᴛʜʀᴇᴀᴛᴇɴᴇᴅ."
}
