{
	"powers": [
                "sculksieg:sculk_shader",
                "sculksieg:toggle",
                "sculksieg:particles",
                "sculksieg:sculk_hurt",
                "origins:velvet_paws",
                "sculksieg:sculkprotection",
                "sculksieg:sculk_vision",
                "sculksieg:sculk_effect",
                "sculksieg:sculk_echolocation",
                "sculksieg:fallimmune",
                "sculksieg:sculk_undervision",
                "sculksieg:sixsense",
                "sculksieg:sculkphase",
                "sculksieg:actualrender",
                "sculksieg:pulse_toggle",
                "sculksieg:senserender",
                "sculksieg:sculktype",
                "sculksieg:overlay",
                "sculksieg:steal",
                "sculksieg:sizetoggle",
                "sculksieg:sculksounds",
                "sculksieg:gravityshift",
                "sculksieg:decay",
                "sculksieg:essence_eater",
                "sculksieg:fungivore",
                "sculksieg:sculk_shader2"
	],
	"icon": "minecraft:sculk_sensor",
	"order": 10,
	"impact": 3,
	"name": "Sᴄᴜʟᴋᴇʀ",
	"description": "A sᴘᴇᴄɪᴇs ᴍᴀᴅᴇ ᴜᴘ ᴏғ sɪʟɪᴄᴀᴛᴇs, sᴄᴜʟᴋᴇʀs ᴀʀᴇ ɴᴇᴜᴛʀᴀʟ ᴇɴᴛɪᴛɪᴇs ᴛʜᴀᴛ ʀᴏᴀᴍ ᴛʜᴇ ʟᴀɴᴅ ᴀɴᴅ ᴄᴀᴠᴇs ᴘʀɪᴍᴀʀɪʟʏ ɪɴ sᴇᴀʀᴄʜ ᴏғ ғᴏᴏᴅ. Tʜᴇʏ ᴅᴏ ɴᴏᴛ ʜᴀᴠᴇ ᴀ ᴘʜʏsɪᴄᴀʟ ғᴏʀᴍ ᴀs sᴜᴄʜ ʙᴜᴛ ɪᴛ ɪs ᴋɴᴏᴡɴ ᴛʜᴀᴛ ɪғ ᴛʜᴇʏ ғᴇᴇʟ ᴛʜʀᴇᴀᴛᴇɴᴇᴅ ᴛʜᴇʏ ᴄᴀɴ ɢʀᴏᴡ ᴛᴏ ᴀ ʜᴜᴍᴀɴᴏɪᴅ sɪᴢᴇ, ʙᴇᴄᴏᴍɪɴɢ ᴇxᴛʀᴇᴍᴇʟʏ ᴅᴀɴɢᴇʀᴏᴜs."
}
