{
    "name": "Destrucción de Blindaje",
    "description": "El Titán Acorazado puede destruir parte de sus placas acorazadas para aumentar la movilidad, al mismo tiempo reduce su resistencia a impactos. (Habilidad Secundaria)",
    "type": "origins:active_self",
    "entity_action": {
      "type": "origins:if_else",
       "condition": {
           "type": "origins:resource",
          "resource": "siegreichtitans:titan_toggle",
          "comparison": "==",
          "compare_to": 1
      },
        "if_action": {
          "type": "origins:execute_command",
          "command": "function siegreichtitans:armor_shed"
            }
        },
    "cooldown": 6000,
    "key": {
        "key": "key.origins.secondary_active"
    },
    "condition": {
		"type": "origins:resource",
		"resource": "siegreichtitans:titan_toggle",
		"comparison": "==",
		"compare_to": 1
    },
    "hud_render": {
        "should_render": true
    }
}