{
    "type": "origins:action_on_land",
    "entity_action": {
        "type": "origins:if_else",
        "condition": {
            "type": "origins:fall_distance",
            "comparison": ">",
            "compare_to": 20,
            "inverted": false
        },
        "if_action": {
            "type": "origins:if_else",
            "condition": {
                "type": "origins:sneaking",
                "inverted": false
            },
            "if_action": {
                "type": "origins:and",
                "actions": [
                    {
                        "type": "origins:execute_command",
                        "permission_level": 4,
                        "command": "function siegreichtitans:armorfall"
                    },
                    {
                        "type": "origins:apply_effect",
                        "effect": {
                            "duration": 3,
                            "is_ambient": false,
                            "show_particles": false,
                            "show_icon": true,
                            "effect": "resistance",
                            "amplifier": 3
                        },
                        "effects": [
                            {
                                "effect": "slowness",
                                "duration": 30,
                                "amplifier": 10,
                                "show_particles": false,
                                "show_icon": true
                            },
                            {
                                "effect": "levitation",
                                "duration": 30,
                                "amplifier": 180,
                                "show_particles": false,
                                "show_icon": true
                            }
                        ]
                    }
                ]
            }
        }
    },
    "name": "Caída de Titán",
    "description": "Debido al tamaño del Titán, caer más de 20 bloques hará un gran daño al suelo y a las criaturas cercanas.\nCuidado, al impactar tú titán será ralentizado temporalmente. (Presionar Shift para la caída de titán)",
    "condition": {
        "type": "origins:resource",
        "resource": "siegreichtitans:titan_toggle",
        "comparison": "==",
        "compare_to": 1,
        "inverted": false
    }
}