{
    "type": "origins:active_self",
    "entity_action": {
        "type": "origins:if_else",
        "condition": {
            "type": "origins:resource",
            "resource": "siegreichtitans:titan_toggle",
            "comparison": "==",
            "compare_to": 0,
            "inverted": false
        },
        "if_action": {
            "type": "origins:if_else",
            "condition": {
                "type": "origins:resource",
                "resource": "siegreichtitans:titan_resource_energy_armor",
                "comparison": ">=",
                "compare_to": 2000,
                "inverted": false
            },
            "if_action": {
                "type": "origins:if_else",
                "condition": {
                    "type": "origins:sneaking",
                    "inverted": false
                },
                "if_action": {
                        "type": "origins:and",
                        "actions": [
                            {
                                "type": "origins:execute_command",
                                "command": "function siegreichtitans:armorhands"
                            },
                            {
                                "type": "origins:change_resource",
                                "resource": "siegreichtitans:titan_resource_energy_armor",
                                "change": -2000                               
                            }
                        ]
                    }
                }
            }
        },
    "name": "Manos Acorazadas",
    "description": "El portador del Titán Acorazado tiene la capacidad de gastar energía en endurecer sus manos de titán para crear una coraza que sirve como protección temporal frente a una amenaza. (Shift + Hab. Secundaria)",
    "key": {
        "key": "key.origins.secondary_active",
        "continuous": false
    },
    "condition": {
        "type": "origins:resource",
        "resource": "siegreichtitans:titan_toggle",
        "comparison": "==",
        "compare_to": 0,
        "inverted": false
    },
    "cooldown": 500,
    "hud_render": {
        "should_render": true
    }
}