{
    "description": "El Titán Carguero puede llevar 9 slots de items más, pero al morir soltara aquellos items almacenados en esta habilidad.",
    "type": "origins:inventory",
    "key": {
        "key": "key.origins.secondary_active",
        "continuous": false
    },
    "condition": {
        "type": "origins:resource",
        "resource": "siegreichtitans:titan_toggle",
        "comparison": "==",
        "compare_to": 1,
        "inverted": false
    },
    "drop_on_death": false,
    "name": "Almacenamiento"
}