{
  "name": "Cuadrupedo",
  "description": "El Titán Carguero es cuadrupedo, lo que le permite trepar paredes con facilidad.",
  "type": "origins:climbing",
  "condition": {
      "type": "origins:and",
      "inverted": false,
      "conditions": [
          {
              "type": "origins:resource",
              "inverted": false,
              "comparison": "==",
              "resource": "siegreichtitans:titan_toggle",
              "compare_to": 1
          },
          {
              "type": "origins:collided_horizontally",
              "inverted": false
          }
      ]
  },
  "allow_holding": false
}