{
    "name": "Endurecimiento Potenciado",
    "description": "La Titán Hembra puede endurecer sus puños y piernas para aumentar la capacidad de daño que produce por golpe. Utilizar esta habilidad bloqueara temporalmente la habilidad de cristalización del portador. (Habilidad Secundaria)",
    "type": "origins:active_self",
    "entity_action": {
      "type": "origins:if_else",
       "condition":
         {
           "type": "origins:resource",
          "resource": "siegreichtitans:titan_toggle",
          "comparison": "==",
          "compare_to": 1
         },
        "if_action": {
          "type": "origins:execute_command",
          "command": "function siegreichtitans:female_harden"
            }
        },
    "cooldown": 1200,
    "key": {
        "key": "key.origins.secondary_active"
    },
    "condition": {
		"type": "origins:resource",
		"resource": "siegreichtitans:female_harden_cooldown",
		"comparison": "==",
		"compare_to": 1200
    },
    "hud_render": {
      "should_render": true,
      "sprite_location": "origins:textures/gui/community/spiderkolo/resource_bar_02.png",
      "bar_index": 17
  }
}