{
    "name": "Mordisco de Mandíbula",
    "description": "El Titán Mandíbula puede morder rompiendo bloques o matando entidades.",
    "condition": {
        "type": "origins:and",
        "conditions": [
            {
                "type": "origins:sneaking"
            },
            {
                "type": "origins:resource",
                "resource": "siegreichtitans:titan_toggle",
                "comparison": "==",
                "compare_to": 1
            }
        ]
    },
    "type": "origins:active_self",
    "entity_action": {
        "type": "origins:if_else",
        "condition": {
            "type": "origins:resource",
            "resource": "siegreichtitans:titan_toggle",
            "comparison": "==",
            "compare_to": 1
        },
        "if_action": {
            "type": "origins:and",
            "actions": [
                {
                    "type": "origins:execute_command",
                    "permission_level": 4,
                    "command": "playsound minecraft:entity.enderman.death ambient @s ~ ~ ~ 10 0.8"
                },
                {
                    "type": "origins:execute_command",
                    "permission_level": 4,
                    "command": "function vdv_raycast:start_ray"
                }
            ]
        }
    },
    "cooldown": 250,
    "hud_render": {
        "should_render": true
    },
    "key": {
        "key": "key.origins.secondary_active"
    }
}