{
    "name": "Salto de Cazador",
    "description": "El Titán Mandibula puede lanzarse hacía la dirección que este mirando para atrapar a su presa con un Dash rápido. (Habilidad Secundaria)",
    "type": "origins:active_self",
    "entity_action": {
      "type": "origins:if_else",
      "condition": {
        "type": "origins:and",
        "conditions": [
            {
                "type": "origins:sneaking",
                "inverted": true
            },
            {
                "type": "origins:resource",
                "resource": "siegreichtitans:titan_toggle",
                "comparison": "==",
                "compare_to": 1
            }
        ]
    },
        "if_action": {
            "type": "origins:add_velocity",
            "z": 1,
            "space": "local"
         }
      },
    "condition": {
		"type": "origins:resource",
		"resource": "siegreichtitans:titan_toggle",
		"comparison": "==",
		"compare_to": 1
    },
    "cooldown": 200,
    "key": {
        "key": "key.origins.secondary_active"
    },
    "hud_render": {
        "should_render": true
  }
}