{
  "name": "Garras Afiladas",
  "description": "Gracias a las garras afiladas del Titán Mandibula puedes trepar muros.",
  "type": "origins:climbing",
  "condition": {
      "type": "origins:and",
      "inverted": false,
      "conditions": [
          {
              "type": "origins:resource",
              "inverted": false,
              "comparison": "==",
              "resource": "siegreichtitans:titan_toggle",
              "compare_to": 1
          },
          {
              "type": "origins:collided_horizontally",
              "inverted": false
          }
      ]
  },
  "allow_holding": true
}