{
    "type": "origins:action_over_time",
    "interval": 20,
    "entity_action": {
        "type": "origins:choice",
        "actions": [
            {
                "element": {
                    "type": "origins:execute_command",
                    "command": "origin set @s origins:origin siegreichtitans:armor",
                    "permission_level": 4
                },
                "weight": 30
            },
            {
                "element": {
                    "type": "origins:execute_command",
                    "command": "origin set @s origins:origin siegreichtitans:attack",
                    "permission_level": 4
                },
                "weight": 30
            },
            {
                "element": {
                    "type": "origins:execute_command",
                    "command": "origin set @s origins:origin siegreichtitans:female",
                    "permission_level": 4
                },
                "weight": 30
            },
            {
                "element": {
                    "type": "origins:execute_command",
                    "command": "origin set @s origins:origin siegreichtitans:jaw",
                    "permission_level": 4
                },
                "weight": 30
            },
            {
                "element": {
                    "type": "origins:execute_command",
                    "command": "origin set @s origins:origin siegreichtitans:cart",
                    "permission_level": 4
                },
                "weight": 30
            },
            {
                "weight": 30,
                "element": {
                    "type": "origins:execute_command",
                    "permission_level": 4,
                    "command": "origin set @s origins:origin siegreichtitans:winged"
                }
            }
        ]
    },
    "condition": {
        "type": "origins:resource",
        "resource": "siegreichtitans:titan_toggle",
        "comparison": "==",
        "compare_to": 0,
        "inverted": false
    },
    "hidden": true
}