{
  "type": "origins:conditioned_restrict_armor",
  "head": {
    "type": "origins:armor_value",
    "comparison": ">",
    "compare_to": 0
  },
  "chest": {
    "type": "origins:armor_value",
    "comparison": ">",
    "compare_to": 0
  },
  "legs": {
    "type": "origins:armor_value",
    "comparison": ">",
    "compare_to": 0
  },
  "feet": {
    "type": "origins:armor_value",
    "comparison": ">",
    "compare_to": 0
  },
  "condition": {
    "type": "origins:resource",
    "resource": "siegreichtitans:titan_toggle",
    "comparison": "==",
    "compare_to": 1
  },
  "tick_rate": 10,
  "name": "Cuerpo de Titán",
  "description": "No puedes utilizar ninguna armadura o escudo mientras estas en tu forma Titán."
}