{
    "type": "origins:active_self",
    "entity_action": {
        "type": "origins:if_else",
        "condition": {
            "type": "origins:resource",
            "resource": "siegreichtitans:titan_toggle",
            "comparison": "==",
            "compare_to": 1
        },
        "if_action": {
            "type": "origins:and",
            "actions": [
                {
                    "type": "origins:execute_command",
                    "command": "schedule function siegreichtitans:corpse 1000t",
                    "permission_level": 4
                }
            ]
        },
        "else_action": {
            "type": "origins:damage",
            "amount": 0,
            "source": {
                "name": "generic",
                "bypasses_armor": true,
                "unblockable": true
            }
        }
    },
    "key": "primary",
    "cooldown": 0,
    "hud_render": {
        "should_render": false
    },
    "hidden": "true"
}