{
    "type": "origins:active_self",
    "entity_action": {
        "type": "origins:if_else",
        "condition": {
            "type": "origins:resource",
            "resource": "siegreichtitans:titan_toggle",
            "comparison": "==",
            "compare_to": 1
        },
        "if_action": {
            "type": "origins:and",
            "actions": [
                {
                    "type": "origins:execute_command",
                    "command": "function siegreichtitans:berserker",
                    "permission_level": 4
                }
            ]
        },
        "else_action": {
            "type": "origins:damage",
            "amount": 0,
            "source": {
                "name": "generic",
                "bypasses_armor": true,
                "unblockable": true
            }
        }
    },
    "key": "secondary",
    "cooldown": 2000,
    "hud_render": {
        "should_render": false
    },
    "name": "Berserker",
    "description": "Como Titán de Ataque, puedes entrar en modo berserk hasta la muerte de tu titán. (Habilidad Secundaria)"
}