{
    "type": "origins:action_over_time",
    "entity_action": {
        "type": "origins:delay",
        "ticks": 1,
        "action": {
            "type": "origins:if_else",
            "condition": {
                "type": "origins:resource",
                "resource": "siegreichtitans:titan_toggle",
                "comparison": "==",
                "compare_to": 1
            },
            "if_action": {
                "type": "origins:and",
                "actions": [
                    {
                        "type": "origins:execute_command",
                        "command": "function siegreichtitans:emerge_jaw",
                        "permission_level": 4
                    },
                    {
                        "type": "origins:delay",
                        "ticks": 1,
                        "action": {
                            "type": "origins:change_resource",
                            "resource": "siegreichtitans:titan_toggle",
                            "change": -1
                        }
                    }
                ]
            },
            "else_action": {
                "type": "origins:heal",
                "amount": 0
            }
        }
    },
    "interval": 20,
    "condition": {
        "type": "origins:resource",
        "resource": "siegreichtitans:titan_resource_energy_jaw",
        "comparison": "==",
        "compare_to": 0
    },
    "name": "Restos de Esqueleto",
    "description": "Cuando abandonas tu forma Titán dejas un esqueleto de lo que algúna vez fue ese Titán."
}





    