{
    "type": "origins:action_on_item_use",
    "entity_action": {
      "type": "origins:and",
      "actions": [
          {
            "type": "origins:change_resource",
            "resource": "siegreichtitans:titan_resource_energy",
            "change": 200
          },
          {
            "type": "origins:change_resource",
            "resource": "siegreichtitans:titan_resource_energy_armor",
            "change": 300
          },
          {
            "type": "origins:change_resource",
            "resource": "siegreichtitans:titan_resource_cart",
            "change": 50
          },
          {
            "type": "origins:change_resource",
            "resource": "siegreichtitans:titan_resource_energy_female",
            "change": 225
          },
          {
            "type": "origins:change_resource",
            "resource": "siegreichtitans:titan_resource_energy_jaw",
            "change": 250
          },
          {
            "type": "origins:change_resource",
            "resource": "siegreichtitans:titan_resource_energy_winged",
            "change": 280
          },
          {
            "type": "origins:change_resource",
            "resource": "siegreichtitans:titan_resource_energy_warhammer",
            "change": 275
          }
      ]
    },
    "item_condition": {
            "type": "origins:ingredient",
      "ingredient": {
          "tag": "origins:meat"
      }
    },
    "name": "Energía de consumo",
    "description": "Comer carne cuando estas transformado te da energía.",
    "condition": {
        "type": "origins:resource",
        "resource": "siegreichtitans:titan_toggle",
        "comparison": "==",
        "compare_to": 1,
        "inverted": false
    }
}