{
    "type": "origins:resource",
    "min": 0,
    "max": 4250,
    "start_value": 0,
    "hud_render": {
        "should_render": true,
        "sprite_location": "origins:textures/gui/resource_bar.png",
        "bar_index":2,
        "condition": {
            "type": "origins:resource",
            "resource": "siegreichtitans:titan_toggle",
            "comparison": ">=",
            "compare_to": 0
        }
    },
    "hidden": "false",
    "name": "Titan Energy",
    "description": "Being a titan wielder, you have an active energy bar, it will regenerate as long as you are not in your titan form. Becoming a titan uses a certain amount of energy, using the titan often will constantly spend energy, if the energy arrives at 0, you will be ejected from the Titan. Manually ejected from the Titan grants a number of energy points."
}