{
    "name": "Grito de Titán",
    "description": "El Titán Hembra puede gritar para revelar temporalmente enemigos en un radio.",
    "condition": {
        "type": "origins:and",
        "conditions": [
            {
                "type": "origins:sneaking"
            },
            {
                "type": "origins:resource",
                "resource": "siegreichtitans:titan_toggle",
                "comparison": "==",
                "compare_to": 1
            }
        ]
    },
    "type": "origins:active_self",
    "entity_action": {
        "type": "origins:if_else",
        "condition": {
            "type": "origins:resource",
            "resource": "siegreichtitans:titan_toggle",
            "comparison": "==",
            "compare_to": 1
        },
        "if_action": {
            "type": "origins:and",
            "actions": [
                {
                    "type": "origins:execute_command",
                    "permission_level": 4,
                    "command": "playsound minecraft:entity.enderman.death ambient @s ~ ~ ~ 10 0.8"
                },
                {
                    "type": "origins:execute_command",
                    "permission_level": 4,
                    "command": "effect give @e[distance=0.1..65] minecraft:glowing 10"
                },
                {
                    "type": "origins:execute_command",
                    "permission_level": 4,
                    "command": "effect give @e[distance=0.1..65] minecraft:slowness 10 1"
                }
            ]
        }
    },
    "cooldown": 650,
    "hud_render": {
        "should_render": true
    },
    "key": {
        "key": "key.origins.secondary_active"
    }
}