{
    "type": "origins:active_self",
    "entity_action": {
        "type": "origins:if_else",
        "condition": {
            "type": "origins:and",
            "conditions": [
                {
                    "type": "origins:resource",
                    "resource": "siegreichtitans:titan_resource_energy_jaw",
                    "comparison": ">",
                    "compare_to": 500,
                    "inverted": false
                },
                {
                    "type": "origins:resource",
                    "resource": "siegreichtitans:titan_toggle",
                    "comparison": "==",
                    "compare_to": 0,
                    "inverted": false
                }
            ]
        },
        "if_action": {
            "type": "origins:and",
            "actions": [
                {
                    "type": "origins:damage",
                    "amount": 4,
                    "source": {
                        "name": "generic",
                        "bypasses_armor": true,
                        "unblockable": true
                    }
                },
                {    
                    "type": "origins:delay",
                    "ticks": 10,
                    "action": {
                        "type": "origins:and",
                        "actions": [
                            {
                                "type": "origins:execute_command",
                                "command": "function siegreichtitans:strike_jaw",
                                "permission_level": 4
                            },
                            {
                                "type": "origins:change_resource",
                                "resource": "siegreichtitans:titan_toggle",
                                "change": 1
                            },
                            {
                                "type": "origins:change_resource",
                                "resource": "siegreichtitans:titan_resource_energy_jaw",
                                "change": -500
                            },
                            {
                                "type": "origins:delay",
                                "ticks": 20,
                                "action": {
                                    "type": "origins:play_sound",
                                    "sound": "minecraft:entity.ender_dragon.growl",
                                    "pitch": 0.6,
                                    "volume": 10
                                }
                            }
                        ]
                    }
                }
            ]
        },
        "else_action": {
            "type": "origins:if_else",
            "condition": {
                "type": "origins:and",
                "conditions": [
                {
                    "type": "origins:resource",
                    "resource": "siegreichtitans:titan_toggle",
                    "comparison": "==",
                    "compare_to": 1,
                    "inverted": false
                },
                {
                    "type": "origins:resource",
                    "resource": "siegreichtitans:titan_resource_energy_jaw",
                    "comparison": ">",
                    "compare_to": 350,
                    "inverted": false
                }
            ]
        },
            "if_action": {
                "type": "origins:delay",
                "ticks": 10,
                "action": {
                    "type": "origins:and",
                    "actions": [
                        {
                            "type": "origins:execute_command",
                            "command": "function siegreichtitans:emerge_jaw",
                            "permission_level": 4
                        },
                        {
                            "type": "origins:delay",
                            "ticks": 1,
                            "action": {
                                "type": "origins:change_resource",
                                "resource": "siegreichtitans:titan_toggle",
                                "change": -1
                            }
                        },
                        {
                            "type": "origins:change_resource",
                            "resource": "siegreichtitans:titan_resource_energy_jaw",
                            "change": 200
                        },
                        {
                            "type": "origins:delay",
                            "ticks": 60,
                            "action": {
                                "type": "origins:play_sound",
                                "sound": "minecraft:block.beacon.power_select",
                                "pitch": 1,
                                "volume": 10
                            }
                        }
                    ]
                }
            }
        }
    },
    "cooldown": 40,
    "hud_render": {
        "should_render": true,
        "sprite_location": "origins:textures/gui/community/spiderkolo/resource_bar_03.png",
        "bar_index":9
    },
    "name": "Titan Power",
    "description": "You can activate the ability to become a 5 meters tall Titan by expending Titan Energy. You can only handle the Titan as long as you have power."
}