{
    "type": "origins:modify_jump",
    "modifier": {
        "name": "Bonus jump force while sprinting",
        "value": 1,
        "operation": "multiply_base"
    },
    "condition": {
        "type": "origins:and",
        "conditions": [
            {
                "type": "origins:sprinting"
            },
            {
                "type": "origins:resource",
                "resource": "siegreichtitans:titan_toggle",
                "comparison": "==",
                "compare_to": 1
            }
        ]
    },
    "hidden": "true"
}