{
    "type": "origins:prevent_death",
    "entity_action": {
        "type": "origins:if_else",
        "condition": {
            "type": "origins:health",
            "inverted": false,
            "comparison": "<=",
            "compare_to": 4
        },
        "if_action": {
            "type": "origins:and",
            "actions": [
                {
                    "type": "origins:execute_command",
                    "permission_level": 4,
                    "command": "function siegreichtitans:emerge_cart"
                },
                {
                    "type": "origins:change_resource",
                    "resource": "siegreichtitans:titan_toggle",
                    "change": -1
                },
                {
                    "type": "origins:change_resource",
                    "resource": "siegreichtitans:titan_resource_energy_cart",
                    "change": -6250
                }
            ]
        }
    },
    "condition": {
        "type": "origins:resource",
        "resource": "siegreichtitans:titan_toggle",
        "comparison": "==",
        "compare_to": 1,
        "inverted": false
    },
    "hidden": false,
    "name": "Seguro de Portador",
    "description": "Al recibir daño crítico en tu forma titán cuando tu vida sea inferior a 1 corazón, hará que automáticamente seas expulsado del titán, perdiendo toda la energía y quedando debilitado."
}