{
    "name": "Armas de Martillo de Guerra",
    "description": "El Titán Martillo de Guerra puede materializar 3 armas para luchar, hacha, espada y ballesta. (Habilidad Secundaria)",
    "type": "origins:active_self",
    "entity_action": {
      "type": "origins:if_else",
       "condition": {
           "type": "origins:resource",
          "resource": "siegreichtitans:titan_toggle",
          "comparison": "==",
          "compare_to": 1
      },
        "if_action": {
          "type": "origins:execute_command",
          "command": "function siegreichtitans:warhammerweapon"
            }
        },
    "cooldown": 200,
    "key": {
        "key": "key.origins.secondary_active"
    },
    "condition": {
		"type": "origins:resource",
		"resource": "siegreichtitans:titan_toggle",
		"comparison": "==",
		"compare_to": 1
    },
    "hud_render": {
        "should_render": true
    }
}