{
    "name": "Empalamiento Cristalizado",
    "description": "El Titán Martillo de Guerra puede cristalizar un empalamiento en area dañando a todas las entidades cercanas. (Habilidad Secundaria)",
    "type": "origins:active_self",
    "entity_action": {
      "type": "origins:if_else",
       "condition": {
           "type": "origins:resource",
          "resource": "siegreichtitans:titan_toggle",
          "comparison": "==",
          "compare_to": 1
      },
        "if_action": {
          "type": "origins:execute_command",
          "command": "power grant @e[distance=0.01..25] siegreichtitans:warhammerdamage"
            }
        },
    "cooldown": 3000,
    "key": {
        "key": "key.origins.secondary_active"
    },
    "condition": {
		"type": "origins:resource",
		"resource": "siegreichtitans:titan_toggle",
		"comparison": "==",
		"compare_to": 1
    },
    "hud_render": {
        "should_render": true
    }
}