{
    "name": "Impulso aéreo",
    "description": "El Titán Alado puede utilizar sus alas para impulsar mobs en radio al aire e inflingirles graves daños con la caída del mismo. (Shift + Hab Sec.)",
    "condition": {
        "type": "origins:and",
        "conditions": [
            {
                "type": "origins:sneaking"
            },
            {
                "type": "origins:resource",
                "resource": "siegreichtitans:titan_toggle",
                "comparison": "==",
                "compare_to": 1
            }
        ]
    },
    "type": "origins:active_self",
    "entity_action": {
        "type": "origins:if_else",
        "condition": {
            "type": "origins:resource",
            "resource": "siegreichtitans:titan_toggle",
            "comparison": "==",
            "compare_to": 1
        },
        "if_action": {
            "type": "origins:and",
            "actions": [
                {
                    "type": "origins:execute_command",
                    "permission_level": 4,
                    "command": "playsound minecraft:entity.enderman.death ambient @s ~ ~ ~ 10 0.8"
                },
                {
                    "type": "origins:execute_command",
                    "permission_level": 4,
                    "command": "effect give @e[distance=0.1..30] minecraft:levitation 1 60 true"
                }
            ]
        }
    },
    "cooldown": 650,
    "hud_render": {
        "should_render": true
    },
    "key": {
        "key": "key.origins.secondary_active"
    }
}