{
    "name": "Vuelo de Halcón",
    "description": "Gracias a la mutación que este Titán posee, puedes volar como ningún otro Titán lo ha hecho antes.",
    "type": "origins:elytra_flight",
    "condition": {
        "type": "origins:and",
        "inverted": false,
        "conditions": [
            {
                "type": "origins:resource",
                "inverted": false,
                "comparison": "==",
                "resource": "siegreichtitans:titan_toggle",
                "compare_to": 1
            }
        ]
    },
    "render_elytra": true,
    "texture_location": "siegreichtitans:textures/entity/elytra.png"
}