{
    "name": "Salto de Halcón",
    "description": "El Titán Alado puede lanzarse al aire con fuerza para volar. (Habilidad Secundaria)",
    "type": "origins:active_self",
    "entity_action": {
      "type": "origins:if_else",
       "condition": {
        "type": "origins:and",
        "conditions": [
            {
                "type": "origins:sneaking",
                "inverted": true
            },
            {
                "type": "origins:resource",
                "resource": "siegreichtitans:titan_toggle",
                "comparison": "==",
                "compare_to": 1
            }
        ]
      },
        "if_action": {
            "type": "origins:add_velocity",
            "y": 1,
            "space": "world"
         }
      },
    "conditions": [
        {
            "type": "origins:sneaking",
            "inverted": true
        },
        {
            "type": "origins:resource",
            "resource": "siegreichtitans:titan_toggle",
            "comparison": "==",
            "compare_to": 1
        }
    ],
    "cooldown": 90,
    "key": {
        "key": "key.origins.secondary_active"
    },
    "hud_render": {
        "should_render": true
  }
}