{
	"type": "origins:action_over_time",
	"interval": 10,
	"entity_action": {
		"type": "origins:choice",
		"actions": [
			{
				"element": {
					"type": "origins:chance",
					"chance": 0.25,
					"action": {
						"type": "origins:equipped_item_action",
						"equipment_slot": "head",
						"action": {
							"type": "origins:damage",
							"amount": 1,
							"ignore_unbreaking": true
						}
					}
				},
				"weight": 10.0
			},
			{
				"element": {
					"type": "origins:chance",
					"chance": 0.25,
					"action": {
						"type": "origins:equipped_item_action",
						"equipment_slot": "chest",
						"action": {
							"type": "origins:damage",
							"amount": 1,
							"ignore_unbreaking": true
						}
					}
				},
				"weight": 10.0
			},
			{
				"element": {
					"type": "origins:chance",
					"chance": 0.25,
					"action": {
						"type": "origins:equipped_item_action",
						"equipment_slot": "legs",
						"action": {
							"type": "origins:damage",
							"amount": 1,
							"ignore_unbreaking": true
						}
					}
				},
				"weight": 10.0
			},
			{
				"element": {
					"type": "origins:chance",
					"chance": 0.25,
					"action": {
						"type": "origins:equipped_item_action",
						"equipment_slot": "feet",
						"action": {
							"type": "origins:damage",
							"amount": 1,
							"ignore_unbreaking": true
						}
					}
				},
				"weight": 10.0
			}
		]
	},
	"name": "Decaimiento Sculk",
	"description": "Eres una entidad en constante decaimiento, tu armadura se daña de a poco."
}