{
	"type": "origins:multiple",
	"mushroom_stew_drinking": {
		"type": "origins:prevent_item_use",
		"item_condition": {
			"type": "origins:and",
			"conditions": [{
					"type": "origins:food"
				},
				{
					"type": "origins:ingredient",
					"ingredient": {
						"item": "minecraft:mushroom_stew"
					},
					"inverted": true
				},
				{
					"type": "origins:ingredient",
					"ingredient": {
						"item": "minecraft:golden_apple"
					},
					"inverted": true
				},
				{
					"type": "origins:ingredient",
					"ingredient": {
						"item": "minecraft:enchanted_golden_apple"
					},
					"inverted": true
				}
			]
		}
	},
	"red_mushroom_eating_mainhand": {
		"type": "origins:active_self",
		"entity_action": {
			"type": "origins:and",
			"actions": [{
					"type": "origins:equipped_item_action",
					"equipment_slot": "mainhand",
					"action": {
						"type": "origins:consume",
						"amount": 1
					}
				},
				{
					"type": "origins:feed",
					"food": 2,
					"saturation": 2
				},
				{
					"type": "origins:play_sound",
					"volume": 1,
					"pitch": 1,
					"sound": "block.fungus.break"
				},
				{
					"type": "origins:trigger_cooldown",
					"power": "rumen:fungivore_red_mushroom_eating_offhand"
				},
				{
					"type": "origins:trigger_cooldown",
					"power": "rumen:fungivore_brown_mushroom_eating_mainhand"
				},
				{
					"type": "origins:trigger_cooldown",
					"power": "rumen:fungivore_brown_mushroom_eating_offhand"
				},
				{
					"type": "origins:trigger_cooldown",
					"power": "rumen:fungivore_crimson_fungus_eating_mainhand"
				},
				{
					"type": "origins:trigger_cooldown",
					"power": "rumen:fungivore_crimson_fungus_eating_offhand"
				},
				{
					"type": "origins:trigger_cooldown",
					"power": "rumen:fungivore_warped_fungus_eating_mainhand"
				},
				{
					"type": "origins:trigger_cooldown",
					"power": "rumen:fungivore_warped_fungus_eating_offhand"
				}
			]
		},
		"cooldown": 20,
		"hud_render": {
			"should_render": false
		},
		"key": {
			"key": "key.use",
			"continuous": true
		},
		"condition": {
			"type": "origins:and",
			"conditions": [{
					"type": "origins:equipped_item",
					"equipment_slot": "mainhand",
					"item_condition": {
						"type": "origins:ingredient",
						"ingredient": {
							"item": "red_mushroom"
						}
					}
				},
				{
					"type": "origins:food_level",
					"comparison": "<",
					"compare_to": 20
				}
			]
		}
	},
	"red_mushroom_eating_offhand": {
		"type": "origins:active_self",
		"entity_action": {
			"type": "origins:and",
			"actions": [{
					"type": "origins:equipped_item_action",
					"equipment_slot": "offhand",
					"action": {
						"type": "origins:consume",
						"amount": 1
					}
				},
				{
					"type": "origins:feed",
					"food": 2,
					"saturation": 2
				},
				{
					"type": "origins:play_sound",
					"volume": 1,
					"pitch": 1,
					"sound": "block.fungus.break"
				},
				{
					"type": "origins:trigger_cooldown",
					"power": "rumen:fungivore_red_mushroom_eating_mainhand"
				},
				{
					"type": "origins:trigger_cooldown",
					"power": "rumen:fungivore_brown_mushroom_eating_mainhand"
				},
				{
					"type": "origins:trigger_cooldown",
					"power": "rumen:fungivore_brown_mushroom_eating_offhand"
				},
				{
					"type": "origins:trigger_cooldown",
					"power": "rumen:fungivore_crimson_fungus_eating_mainhand"
				},
				{
					"type": "origins:trigger_cooldown",
					"power": "rumen:fungivore_crimson_fungus_eating_offhand"
				},
				{
					"type": "origins:trigger_cooldown",
					"power": "rumen:fungivore_warped_fungus_eating_mainhand"
				},
				{
					"type": "origins:trigger_cooldown",
					"power": "rumen:fungivore_warped_fungus_eating_offhand"
				}
			]
		},
		"cooldown": 20,
		"hud_render": {
			"should_render": false
		},
		"key": {
			"key": "key.use",
			"continuous": true
		},
		"condition": {
			"type": "origins:and",
			"conditions": [{
					"type": "origins:equipped_item",
					"equipment_slot": "offhand",
					"item_condition": {
						"type": "origins:ingredient",
						"ingredient": {
							"item": "red_mushroom"
						}
					}
				},
				{
					"type": "origins:food_level",
					"comparison": "<",
					"compare_to": 20
				}
			]
		}
	},
	"brown_mushroom_eating_mainhand": {
		"type": "origins:active_self",
		"entity_action": {
			"type": "origins:and",
			"actions": [{
					"type": "origins:equipped_item_action",
					"equipment_slot": "mainhand",
					"action": {
						"type": "origins:consume",
						"amount": 1
					}
				},
				{
					"type": "origins:feed",
					"food": 2,
					"saturation": 2
				},
				{
					"type": "origins:play_sound",
					"volume": 1,
					"pitch": 1,
					"sound": "block.fungus.break"
				},
				{
					"type": "origins:trigger_cooldown",
					"power": "rumen:fungivore_red_mushroom_eating_mainhand"
				},
				{
					"type": "origins:trigger_cooldown",
					"power": "rumen:fungivore_red_mushroom_eating_offhand"
				},
				{
					"type": "origins:trigger_cooldown",
					"power": "rumen:fungivore_brown_mushroom_eating_offhand"
				},
				{
					"type": "origins:trigger_cooldown",
					"power": "rumen:fungivore_crimson_fungus_eating_mainhand"
				},
				{
					"type": "origins:trigger_cooldown",
					"power": "rumen:fungivore_crimson_fungus_eating_offhand"
				},
				{
					"type": "origins:trigger_cooldown",
					"power": "rumen:fungivore_warped_fungus_eating_mainhand"
				},
				{
					"type": "origins:trigger_cooldown",
					"power": "rumen:fungivore_warped_fungus_eating_offhand"
				}
			]
		},
		"cooldown": 20,
		"hud_render": {
			"should_render": false
		},
		"key": {
			"key": "key.use",
			"continuous": true
		},
		"condition": {
			"type": "origins:and",
			"conditions": [{
					"type": "origins:equipped_item",
					"equipment_slot": "mainhand",
					"item_condition": {
						"type": "origins:ingredient",
						"ingredient": {
							"item": "brown_mushroom"
						}
					}
				},
				{
					"type": "origins:food_level",
					"comparison": "<",
					"compare_to": 20
				}
			]
		}
	},
	"brown_mushroom_eating_offhand": {
		"type": "origins:active_self",
		"entity_action": {
			"type": "origins:and",
			"actions": [{
					"type": "origins:equipped_item_action",
					"equipment_slot": "offhand",
					"action": {
						"type": "origins:consume",
						"amount": 1
					}
				},
				{
					"type": "origins:feed",
					"food": 2,
					"saturation": 2
				},
				{
					"type": "origins:play_sound",
					"volume": 1,
					"pitch": 1,
					"sound": "block.fungus.break"
				},
				{
					"type": "origins:trigger_cooldown",
					"power": "rumen:fungivore_red_mushroom_eating_mainhand"
				},
				{
					"type": "origins:trigger_cooldown",
					"power": "rumen:fungivore_red_mushroom_eating_offhand"
				},
				{
					"type": "origins:trigger_cooldown",
					"power": "rumen:fungivore_brown_mushroom_eating_mainhand"
				},
				{
					"type": "origins:trigger_cooldown",
					"power": "rumen:fungivore_crimson_fungus_eating_mainhand"
				},
				{
					"type": "origins:trigger_cooldown",
					"power": "rumen:fungivore_crimson_fungus_eating_offhand"
				},
				{
					"type": "origins:trigger_cooldown",
					"power": "rumen:fungivore_warped_fungus_eating_mainhand"
				},
				{
					"type": "origins:trigger_cooldown",
					"power": "rumen:fungivore_warped_fungus_eating_offhand"
				}
			]
		},
		"cooldown": 20,
		"hud_render": {
			"should_render": false
		},
		"key": {
			"key": "key.use",
			"continuous": true
		},
		"condition": {
			"type": "origins:and",
			"conditions": [{
					"type": "origins:equipped_item",
					"equipment_slot": "offhand",
					"item_condition": {
						"type": "origins:ingredient",
						"ingredient": {
							"item": "brown_mushroom"
						}
					}
				},
				{
					"type": "origins:food_level",
					"comparison": "<",
					"compare_to": 20
				}
			]
		}
	},
	"crimson_fungus_eating_mainhand": {
		"type": "origins:active_self",
		"entity_action": {
			"type": "origins:and",
			"actions": [{
					"type": "origins:equipped_item_action",
					"equipment_slot": "mainhand",
					"action": {
						"type": "origins:consume",
						"amount": 1
					}
				},
				{
					"type": "origins:feed",
					"food": 2,
					"saturation": 2
				},
				{
					"type": "origins:play_sound",
					"volume": 1,
					"pitch": 1,
					"sound": "block.fungus.break"
				},
				{
					"type": "origins:trigger_cooldown",
					"power": "rumen:fungivore_red_mushroom_eating_mainhand"
				},
				{
					"type": "origins:trigger_cooldown",
					"power": "rumen:fungivore_red_mushroom_eating_offhand"
				},
				{
					"type": "origins:trigger_cooldown",
					"power": "rumen:fungivore_brown_mushroom_eating_mainhand"
				},
				{
					"type": "origins:trigger_cooldown",
					"power": "rumen:fungivore_brown_mushroom_eating_offhand"
				},
				{
					"type": "origins:trigger_cooldown",
					"power": "rumen:fungivore_crimson_fungus_eating_offhand"
				},
				{
					"type": "origins:trigger_cooldown",
					"power": "rumen:fungivore_warped_fungus_eating_mainhand"
				},
				{
					"type": "origins:trigger_cooldown",
					"power": "rumen:fungivore_warped_fungus_eating_offhand"
				}
			]
		},
		"cooldown": 20,
		"hud_render": {
			"should_render": false
		},
		"key": {
			"key": "key.use",
			"continuous": true
		},
		"condition": {
			"type": "origins:and",
			"conditions": [{
					"type": "origins:equipped_item",
					"equipment_slot": "mainhand",
					"item_condition": {
						"type": "origins:ingredient",
						"ingredient": {
							"item": "crimson_fungus"
						}
					}
				},
				{
					"type": "origins:food_level",
					"comparison": "<",
					"compare_to": 20
				}
			]
		}
	},
	"crimson_fungus_eating_offhand": {
		"type": "origins:active_self",
		"entity_action": {
			"type": "origins:and",
			"actions": [{
					"type": "origins:equipped_item_action",
					"equipment_slot": "offhand",
					"action": {
						"type": "origins:consume",
						"amount": 1
					}
				},
				{
					"type": "origins:feed",
					"food": 2,
					"saturation": 2
				},
				{
					"type": "origins:play_sound",
					"volume": 1,
					"pitch": 1,
					"sound": "block.fungus.break"
				},
				{
					"type": "origins:trigger_cooldown",
					"power": "rumen:fungivore_red_mushroom_eating_mainhand"
				},
				{
					"type": "origins:trigger_cooldown",
					"power": "rumen:fungivore_red_mushroom_eating_offhand"
				},
				{
					"type": "origins:trigger_cooldown",
					"power": "rumen:fungivore_brown_mushroom_eating_mainhand"
				},
				{
					"type": "origins:trigger_cooldown",
					"power": "rumen:fungivore_brown_mushroom_eating_offhand"
				},
				{
					"type": "origins:trigger_cooldown",
					"power": "rumen:fungivore_crimson_fungus_eating_mainhand"
				},
				{
					"type": "origins:trigger_cooldown",
					"power": "rumen:fungivore_warped_fungus_eating_mainhand"
				},
				{
					"type": "origins:trigger_cooldown",
					"power": "rumen:fungivore_warped_fungus_eating_offhand"
				}
			]
		},
		"cooldown": 20,
		"hud_render": {
			"should_render": false
		},
		"key": {
			"key": "key.use",
			"continuous": true
		},
		"condition": {
			"type": "origins:and",
			"conditions": [{
					"type": "origins:equipped_item",
					"equipment_slot": "offhand",
					"item_condition": {
						"type": "origins:ingredient",
						"ingredient": {
							"item": "crimson_fungus"
						}
					}
				},
				{
					"type": "origins:food_level",
					"comparison": "<",
					"compare_to": 20
				}
			]
		}
	},
	"warped_fungus_eating_mainhand": {
		"type": "origins:active_self",
		"entity_action": {
			"type": "origins:and",
			"actions": [{
					"type": "origins:equipped_item_action",
					"equipment_slot": "mainhand",
					"action": {
						"type": "origins:consume",
						"amount": 1
					}
				},
				{
					"type": "origins:feed",
					"food": 2,
					"saturation": 2
				},
				{
					"type": "origins:play_sound",
					"volume": 1,
					"pitch": 1,
					"sound": "block.fungus.break"
				},
				{
					"type": "origins:trigger_cooldown",
					"power": "rumen:fungivore_red_mushroom_eating_mainhand"
				},
				{
					"type": "origins:trigger_cooldown",
					"power": "rumen:fungivore_red_mushroom_eating_offhand"
				},
				{
					"type": "origins:trigger_cooldown",
					"power": "rumen:fungivore_brown_mushroom_eating_mainhand"
				},
				{
					"type": "origins:trigger_cooldown",
					"power": "rumen:fungivore_brown_mushroom_eating_offhand"
				},
				{
					"type": "origins:trigger_cooldown",
					"power": "rumen:fungivore_crimson_fungus_eating_mainhand"
				},
				{
					"type": "origins:trigger_cooldown",
					"power": "rumen:fungivore_crimson_fungus_eating_offhand"
				},
				{
					"type": "origins:trigger_cooldown",
					"power": "rumen:fungivore_warped_fungus_eating_offhand"
				}
			]
		},
		"cooldown": 20,
		"hud_render": {
			"should_render": false
		},
		"key": {
			"key": "key.use",
			"continuous": true
		},
		"condition": {
			"type": "origins:and",
			"conditions": [{
					"type": "origins:equipped_item",
					"equipment_slot": "mainhand",
					"item_condition": {
						"type": "origins:ingredient",
						"ingredient": {
							"item": "warped_fungus"
						}
					}
				},
				{
					"type": "origins:food_level",
					"comparison": "<",
					"compare_to": 20
				}
			]
		}
	},
	"warped_fungus_eating_offhand": {
		"type": "origins:active_self",
		"entity_action": {
			"type": "origins:and",
			"actions": [{
					"type": "origins:equipped_item_action",
					"equipment_slot": "offhand",
					"action": {
						"type": "origins:consume",
						"amount": 1
					}
				},
				{
					"type": "origins:feed",
					"food": 2,
					"saturation": 2
				},
				{
					"type": "origins:play_sound",
					"volume": 1,
					"pitch": 1,
					"sound": "block.fungus.break"
				},
				{
					"type": "origins:trigger_cooldown",
					"power": "rumen:fungivore_red_mushroom_eating_mainhand"
				},
				{
					"type": "origins:trigger_cooldown",
					"power": "rumen:fungivore_red_mushroom_eating_offhand"
				},
				{
					"type": "origins:trigger_cooldown",
					"power": "rumen:fungivore_brown_mushroom_eating_mainhand"
				},
				{
					"type": "origins:trigger_cooldown",
					"power": "rumen:fungivore_brown_mushroom_eating_offhand"
				},
				{
					"type": "origins:trigger_cooldown",
					"power": "rumen:fungivore_crimson_fungus_eating_mainhand"
				},
				{
					"type": "origins:trigger_cooldown",
					"power": "rumen:fungivore_crimson_fungus_eating_offhand"
				},
				{
					"type": "origins:trigger_cooldown",
					"power": "rumen:fungivore_warped_fungus_eating_mainhand"
				}
			]
		},
		"cooldown": 20,
		"hud_render": {
			"should_render": false
		},
		"key": {
			"key": "key.use",
			"continuous": true
		},
		"condition": {
			"type": "origins:and",
			"conditions": [{
					"type": "origins:equipped_item",
					"equipment_slot": "offhand",
					"item_condition": {
						"type": "origins:ingredient",
						"ingredient": {
							"item": "warped_fungus"
						}
					}
				},
				{
					"type": "origins:food_level",
					"comparison": "<",
					"compare_to": 20
				}
			]
		}
	},
	"name": "Fungivore",
	"description": "You can only digest fungi."
}