{
  "type": "origins:action_over_time",
  "interval": 5,
  "entity_action": {
    "type": "origins:and",
    "actions": [
      {
        "type": "origins:execute_command",
        "command": "effect give @s minecraft:haste 1 50 true"
      }
    ]
  },
  "name": "Sᴄᴜʟᴋ ᴠɪʙʀᴀᴛɪᴏɴ",
  "description": "Yᴏᴜ ᴠɪʙʀᴀᴛᴇ ᴡɪᴛʜ sᴏ ᴍᴜᴄʜ ᴇɴᴇʀɢʏ ᴛʜᴀᴛ ʏᴏᴜ ᴀʀᴇ ᴀʙʟᴇ ᴛᴏ ʙʀᴇᴀᴋ ᴛʜᴇ ʙʟᴏᴄᴋs ᴀs ᴇғғɪᴄɪᴇɴᴛʟʏ ᴀs ᴘᴏssɪʙʟᴇ."
}