{
  "hidden": true,
  "type": "origins:action_over_time",
  "interval": 40,
  "entity_action": {
      "type": "origins:and",
      "actions": [
          {
              "type": "origins:chance",
              "chance": 0.05,
              "action": {
                  "type": "origins:play_sound",
                  "sound": "minecraft:block.sculk_sensor.break",
                  "volume": 1,
                  "pitch": 1
              }
          },
          {
              "type": "origins:chance",
              "chance": 0.05,
              "action": {
                  "type": "origins:play_sound",
                  "sound": "minecraft:block.sculk_sensor.place",
                  "volume": 1,
                  "pitch": 1
              }
          }
      ]
  }
}