{
    "type": "origins:multiple",
    "invis": {
        "condition": {
            "inverted": true,
            "type": "origins:power_active",
            "power": "*:sizetoggle"
        },
        "type": "origins:invisibility",
        "render_armor": false
    },
    "big_transform": {
        "condition": {
            "type": "origins:power_active",
            "power": "*:sizetoggle"
        },
        "type": "origins:active_self",
        "entity_action": {
            "type": "origins:and",
            "actions": [
                {
                    "type": "origins:play_sound",
                    "sound": "minecraft:entity.elder_guardian.curse",
                    "volume": 1,
                    "pitch": 0.4
                },
                {
                    "type": "origins:execute_command",
                    "command": "scale set pehkui:base 0.5 @s"
                }
            ]
        },
        "cooldown": 0,
        "hud_render": {
            "should_render": false
        },
        "key": {
            "key": "key.origins.ternary_active"
        }
    },
    "big_transform2": {
        "condition": {
            "inverted": true,
            "type": "origins:power_active",
            "power": "*:sizetoggle"
        },
        "type": "origins:active_self",
        "entity_action": {
            "type": "origins:and",
            "actions": [
                {
                    "type": "origins:play_sound",
                    "sound": "minecraft:entity.enderman.scream",
                    "volume": 1,
                    "pitch": 0.6
                },
                {
                    "type": "origins:execute_command",
                    "command": "scale set pehkui:base 2 @s"
                }
            ]
        },
        "cooldown": 0,
        "hud_render": {
            "should_render": false
        },
        "key": {
            "key": "key.origins.ternary_active"
        }
    },
    "big_attributes": {
        "condition": {
            "type": "origins:power_active",
            "power": "*:sizetoggle"
        },
        "type": "origins:conditioned_attribute",
        "modifiers": [
            {
                "attribute": "minecraft:generic.movement_speed",
                "operation": "addition",
                "value": -0.025
            },
            {
                "attribute": "minecraft:generic.max_health",
                "operation": "addition",
                "value": 10
            }
        ],
        "tick_rate": 20,
        "update_health": false
    },
    "base_attributes": {
        "condition": {
            "inverted": true,
            "type": "origins:power_active",
            "power": "*:sizetoggle"
        },
        "type": "origins:conditioned_attribute",
        "modifiers": [
            {
                "attribute": "minecraft:generic.max_health",
                "operation": "addition",
                "value": -10
            },
            {
                "attribute": "minecraft:generic.movement_speed",
                "operation": "addition",
                "value": 0.025
            }
        ],
        "tick_rate": 20,
        "update_health": false
    },
    "base_size": {
        "type": "origins:action_on_callback",
        "execute_chosen_when_orb": false,
        "entity_action_lost": {
            "type": "origins:execute_command",
            "command": "scale set @s 1"
        },
        "entity_action_added": {
            "type": "origins:if_else",
            "condition": {
                "inverted": true,
                "type": "origins:power_active",
                "power": "*:sizetoggle"
            },
            "if_action": {
                "type": "origins:execute_command",
                "command": "scale set pehkui:base 2 @s"
            },
            "else_action": {
                "type": "origins:execute_command",
                "command": "scale set pehkui:base 0.5 @s"
            }
        }
    }
}