{
    "type": "origins:multiple",
    "invis": {
        "type": "origins:invisibility",
        "render_armor": false,
        "condition": {
            "type": "origins:power_active",
            "power": "*:sizetoggle",
            "inverted": true
        }
    },
    "base_height": {
        "type": "extraorigins:modify_size",
        "scale": 0.5,
        "condition": {
            "type": "origins:power_active",
            "power": "*:sizetoggle",
            "inverted": true
        }
    },
    "base_speed": {
        "type": "origins:conditioned_attribute",
        "modifier": {
            "attribute": "minecraft:generic.movement_speed",
            "operation": "addition",
            "value": 0.025,
            "name": "Increased sprinting speed"
        },
        "condition": {
            "type": "origins:power_active",
            "power": "*:sizetoggle",
            "inverted": true
        }
    },
    "base_health": {
        "type": "origins:conditioned_attribute",
        "modifier": {
            "attribute": "minecraft:generic.max_health",
            "operation": "addition",
            "value": -10.0,
            "name": "Increased sprinting speed"
        },
        "condition": {
            "type": "origins:power_active",
            "power": "*:sizetoggle",
            "inverted": true
        }
    },
    "big_height": {
        "type": "extraorigins:modify_size",
        "scale": 2,
        "condition": {
            "type": "origins:power_active",
            "power": "*:sizetoggle"
        }
    },
    "big_speed": {
        "type": "origins:conditioned_attribute",
        "modifier": {
            "attribute": "minecraft:generic.movement_speed",
            "operation": "addition",
            "value": -0.025,
            "name": "Increased sprinting speed"
        },
        "condition": {
            "type": "origins:power_active",
            "power": "*:sizetoggle"
        }
    },
    "big_health": {
        "type": "origins:conditioned_attribute",
        "modifier": {
            "attribute": "minecraft:generic.max_health",
            "operation": "addition",
            "value": 10.0,
            "name": "Increased sprinting speed"
        },
        "condition": {
            "type": "origins:power_active",
            "power": "*:sizetoggle"
        }
    }
}