{
    "type": "origins:action_over_time",
    "condition": {
        "type": "origins:and",
        "conditions": [
            {
                "type": "origins:in_block",
                "block_condition": {
                    "type": "origins:height",
                    "comparison": "<=",
                    "compare_to": 0
                }
            },
            {
                "type": "origins:saturation_level",
                "comparison": "<=",
                "compare_to": 19
            },
            {
                "type": "origins:exposed_to_sky",
                "inverted": true
            }
        ]
    },
    "interval": 80,
    "entity_action": {
        "type": "origins:feed",
        "food": 1,
        "saturation": 0
    },
    "name": "I ʟɪᴋᴇ ᴛʜᴇ ᴅᴀʀᴋɴᴇss",
    "description": "Iғ ʏᴏᴜ ᴀʀᴇ ᴀᴛ ᴀ ᴠᴇʀʏ ᴅᴇᴇᴘ ʟᴇᴠᴇʟ, ʏᴏᴜ ᴡɪʟʟ ɢᴀɪɴ ᴄᴏɴsᴛᴀɴᴛ ғᴏᴏᴅ."
}