{
    "name": "Vɪʙʀᴀɴᴛᴏ Pʀᴏᴛᴇᴄᴛɪᴏɴ",
    "description": "Yᴏᴜ ʀᴇɪɴғᴏʀᴄᴇ ᴛʜᴇ ᴘʀᴏᴛᴇᴄᴛɪᴏɴ ᴛᴏ ɢᴇɴᴇʀᴀᴛᴇ ᴛᴇᴍᴘᴏʀᴀʀʏ sʜɪᴇʟᴅs.",
    "hidden": false,
    "type": "origins:active_self",
    "entity_action": {
        "type": "origins:and",
        "actions": [
            {
                "type": "origins:execute_command",
                "command": "attribute @s minecraft:generic.armor base set 20"
            },
            {
                "type": "origins:execute_command",
                "command": "playsound minecraft:block.lantern.break master @a[distance=..10000] ~ ~ ~ 1 1.5"
            },
            {
                "type": "origins:execute_command",
                "command": "playsound minecraft:block.deepslate.break master @a[distance=..10000] ~ ~ ~ 1 0.2\n"
            },
            {
                "type": "origins:delay",
                "ticks": 7,
                "action": {
                    "type": "origins:and",
                    "actions": [
                        {
                            "type": "origins:execute_command",
                            "command": "playsound minecraft:block.ender_chest.open master @a[distance=..10000] ~ ~ ~ 1 0.6"
                        },
                        {
                            "type": "origins:execute_command",
                            "command": "playsound minecraft:block.chain.break master @a[distance=..10000] ~ ~ ~ 1 0.5"
                        }
                    ]
                }
            },
            {
                "type": "origins:delay",
                "ticks": 7,
                "action": {
                    "type": "origins:execute_command",
                    "command": "playsound minecraft:block.chain.break master @a[distance=..10000] ~ ~ ~ 1 0.4"
                }
            },
            {
                "type": "origins:delay",
                "action": {
                    "type": "origins:execute_command",
                    "command": "attribute @s minecraft:generic.armor base set 0"
                },
                "ticks": 300
            }
        ]
    },
    "cooldown": 1200,
    "hud_render": {
        "should_render": true,
        "sprite_location": "origins:textures/gui/community/spiderkolo/resource_bar_02.png",
        "bar_index": 0
    },
    "key": {
        "key": "key.origins.ternary_active",
        "continuous": false
    }
}