{
    "name": "Mᴀᴛᴇʀɪᴀʟɪᴢᴀᴛɪᴏɴ",
    "description": "Sᴄᴜʟᴋᴇʀs ᴄᴀɴ sɴᴇᴀᴋ ᴛʜʀᴏᴜɢʜ ᴛʜᴇ ᴡᴀʟʟs ᴏғ sɪʟɪᴄᴀᴛᴇ ᴍᴀᴛᴇʀɪᴀʟs.",
    "hidden": false,
    "type": "origins:multiple",
    "togglephase": {
        "type": "origins:toggle",
        "active_by_default": true,
        "key": "primary",
        "retain_state": true
    },
    "phase": {
        "condition": {
            "type": "origins:power_active",
            "power": "*:*_togglephase"
        },
        "type": "origins:phasing",
        "block_condition": {
            "inverted": true,
            "type": "origins:material",
            "material": "stone"
        },
        "blacklist": true,
        "render_type": "blindness",
        "view_distance": 50,
        "phase_down_condition": {
            "type": "origins:sneaking"
        }
    },
    "invuln": {
        "condition": {
            "type": "origins:and",
            "conditions": [
                {
                    "type": "origins:sneaking"
                },
                {
                    "type": "origins:power_active",
                    "power": "*:*_togglephase"
                }
            ]
        },
        "type": "origins:invulnerability",
        "damage_condition": {
            "type": "origins:name",
            "name": "inWall"
        }
    },
    "ignorewater": {
        "condition": {
            "type": "origins:power_active",
            "power": "*:*_togglephase"
        },
        "type": "origins:ignore_water"
    },
    "ascend": {
        "type": "origins:active_self",
        "entity_action": {
            "type": "origins:if_else",
            "condition": {
                "type": "origins:and",
                "conditions": [
                    {
                        "type": "origins:in_block",
                        "block_condition": {
                            "type": "origins:height",
                            "comparison": "<=",
                            "compare_to": 128
                        }
                    },
                    {
                        "type": "origins:resource",
                        "resource": "*:*_resource",
                        "comparison": "==",
                        "compare_to": 1
                    }
                ]
            },
            "if_action": {
                "type": "origins:change_resource",
                "resource": "*:*_up_resource",
                "change": 4,
                "operation": "add"
            },
            "else_action": {
                "type": "origins:damage",
                "amount": 0,
                "source": {
                    "name": "null",
                    "bypasses_armor": true
                }
            }
        },
        "cooldown": 0,
        "hud_render": {
            "should_render": false
        },
        "key": {
            "key": "key.jump",
            "continuous": true
        }
    },
    "descend": {
        "type": "origins:active_self",
        "entity_action": {
            "type": "origins:change_resource",
            "resource": "*:*_down_resource",
            "change": 4,
            "operation": "add"
        },
        "cooldown": 0,
        "hud_render": {
            "should_render": false
        },
        "key": {
            "key": "key.sneak",
            "continuous": true
        }
    },
    "float": {
        "condition": {
            "type": "origins:resource",
            "resource": "*:*_resource",
            "comparison": "==",
            "compare_to": 1
        },
        "type": "origins:action_over_time",
        "interval": 1,
        "entity_action": {
            "type": "origins:if_else",
            "condition": {
                "type": "origins:resource",
                "resource": "*:*_up_resource",
                "comparison": "!=",
                "compare_to": 0
            },
            "if_action": {
                "type": "origins:and",
                "actions": [
                    {
                        "type": "origins:apply_effect",
                        "effect": {
                            "effect": "minecraft:levitation",
                            "duration": 2,
                            "amplifier": 1,
                            "show_particles": false,
                            "show_icon": false
                        }
                    }
                ]
            },
            "else_action": {
                "type": "origins:if_else",
                "condition": {
                    "type": "origins:resource",
                    "resource": "*:*_down_resource",
                    "comparison": "!=",
                    "compare_to": 0
                },
                "if_action": {
                    "type": "origins:if_else",
                    "condition": {
                        "type": "origins:status_effect",
                        "effect": "minecraft:levitation",
                        "min_amplifier": 0
                    },
                    "if_action": {
                        "type": "origins:clear_effect",
                        "effect": "minecraft:levitation"
                    },
                    "else_action": {
                        "type": "origins:apply_effect",
                        "effect": {
                            "effect": "minecraft:levitation",
                            "duration": 2,
                            "amplifier": -5,
                            "show_particles": false,
                            "show_icon": false
                        }
                    }
                },
                "else_action": {
                    "type": "origins:apply_effect",
                    "effect": {
                        "effect": "minecraft:levitation",
                        "duration": 2,
                        "amplifier": -1,
                        "show_particles": false,
                        "show_icon": false
                    }
                }
            }
        }
    },
    "down_resource": {
        "type": "origins:resource",
        "min": 0,
        "max": 2,
        "start_value": 0,
        "hud_render": {
            "should_render": false
        }
    },
    "up_resource": {
        "type": "origins:resource",
        "min": 0,
        "max": 2,
        "start_value": 0,
        "hud_render": {
            "should_render": false
        }
    },
    "resource": {
        "type": "origins:resource",
        "min": 0,
        "max": 1,
        "start_value": 0,
        "hud_render": {
            "should_render": false
        }
    },
    "toggle": {
        "type": "origins:action_over_time",
        "interval": 1,
        "entity_action": {
            "type": "origins:if_else",
            "condition": {
                "type": "origins:and",
                "conditions": [
                    {
                        "type": "origins:power_active",
                        "power": "*:*_togglephase"
                    },
                    {
                        "type": "origins:in_block",
                        "block_condition": {
                            "type": "origins:movement_blocking"
                        }
                    }
                ]
            },
            "if_action": {
                "type": "origins:change_resource",
                "resource": "*:*_resource",
                "change": 1,
                "operation": "add"
            },
            "else_action": {
                "type": "origins:change_resource",
                "resource": "*:*_resource",
                "change": -1,
                "operation": "add"
            }
        }
    },
    "drain1": {
        "type": "origins:action_over_time",
        "interval": 1,
        "entity_action": {
            "type": "origins:change_resource",
            "resource": "*:*_up_resource",
            "change": -1,
            "operation": "add"
        }
    },
    "drain2": {
        "type": "origins:action_over_time",
        "interval": 1,
        "entity_action": {
            "type": "origins:change_resource",
            "resource": "*:*_down_resource",
            "change": -1,
            "operation": "add"
        }
    }
}