{
    "type": "origins:multiple",
    "invis": {
        "type": "origins:invisibility",
        "render_armor": false,
        "condition": {
            "type": "origins:power_active",
            "power": "*:sizetoggle",
            "inverted": true
        }
    },
    "base_height": {
        "type": "extraorigins:modify_size",
        "scale": 0.5,
        "condition": {
            "type": "origins:power_active",
            "power": "*:sizetoggle",
            "inverted": true
        }
    },
    "base_speed": {
        "type": "origins:conditioned_attribute",
        "modifier": {
            "attribute": "minecraft:generic.movement_speed",
            "operation": "addition",
            "value": 0.025,
            "name": "Increased sprinting speed"
        },
        "condition": {
            "type": "origins:power_active",
            "power": "*:sizetoggle",
            "inverted": true
        }
    },
    "base_health": {
        "type": "origins:conditioned_attribute",
        "modifier": {
            "attribute": "minecraft:generic.max_health",
            "operation": "addition",
            "value": -10.0,
            "name": "Increased sprinting speed"
        },
        "condition": {
            "type": "origins:power_active",
            "power": "*:sizetoggle",
            "inverted": true
        }
    },
    "big_height": {
        "type": "extraorigins:modify_size",
        "scale": 2.0,
        "condition": {
            "type": "origins:power_active",
            "power": "*:sizetoggle"
        }
    },
    "big_speed": {
        "type": "origins:conditioned_attribute",
        "modifier": {
            "attribute": "minecraft:generic.movement_speed",
            "operation": "addition",
            "value": -0.025,
            "name": "Increased sprinting speed"
        },
        "condition": {
            "type": "origins:power_active",
            "power": "*:sizetoggle"
        }
    },
    "big_health": {
        "type": "origins:conditioned_attribute",
        "modifier": {
            "attribute": "minecraft:generic.max_health",
            "operation": "addition",
            "value": 10.0,
            "name": "Increased sprinting speed"
        },
        "condition": {
            "type": "origins:power_active",
            "power": "*:sizetoggle"
        }
    },
    "big_transform": {
        "type": "origins:active_self",
        "entity_action": {
            "type": "origins:play_sound",
            "sound": "minecraft:entity.elder_guardian.curse",
            "volume": 1,
            "pitch": 0.4
        },
            "condition": {
                "type": "origins:power_active",
                "power": "*:sizetoggle"
        },
        "key": "key.origins.ternary_active"
    },
    "big_transform2": {
        "type": "origins:active_self",
        "entity_action": {
            "type": "origins:play_sound",
            "sound": "minecraft:entity.enderman.scream",
            "volume": 1,
            "pitch": 0.6
        },
            "condition": {
                "type": "origins:power_active",
                "power": "*:sizetoggle",
                "inverted": true
        },
        "key": "key.origins.ternary_active"
    }
}