{
    "name": "Eᴄʜᴏʟᴏᴄᴀᴛᴏʀ Pᴜʟsᴇ",
    "description": "Yᴏᴜ ᴇᴍɪᴛ ᴀɴ ᴇᴄʜᴏʟᴏᴄᴀᴛɪᴏɴ ᴘᴜʟsᴇ ᴛʜᴀᴛ ʀᴇᴠᴇᴀʟs ᴀʟʟ ᴇɴᴛɪᴛɪᴇs ᴡɪᴛʜɪɴ ᴀ 65 ʙʟᴏᴄᴋ ʀᴀᴅɪᴜs.",
    "hidden": false,
    "type": "origins:active_self",
    "entity_action": {
        "type": "origins:and",
        "actions": [
            {
                "type": "origins:change_resource",
                "resource": "sculksieg:pulse_toggle",
                "change": 1,
                "operation": "set"
            },
            {
                "type": "origins:play_sound",
                "sound": "minecraft:item.lodestone_compass.lock",
                "volume": 1,
                "pitch": 2
            },
            {
                "type": "origins:chance",
                "chance": 0.1,
                "action": {
                    "type": "origins:play_sound",
                    "sound": "minecraft:ambient.cave",
                    "volume": 1,
                    "pitch": 1
                }
            },
            {
                "type": "origins:play_sound",
                "sound": "minecraft:item.lodestone_compass.lock",
                "volume": 1,
                "pitch": 0.5
            },
            {
                "type": "origins:play_sound",
                "sound": "minecraft:block.conduit.attack.target",
                "volume": 1,
                "pitch": 1
            },
            {
                "type": "origins:delay",
                "action": {
                    "type": "origins:apply_effect",
                    "effect": {
                        "effect": "minecraft:blindness",
                        "duration": 60,
                        "amplifier": 1,
                        "show_particles": false,
                        "show_icon": false
                    }
                },
                "ticks": 0
            },
            {
                "type": "origins:apply_effect",
                "effect": {
                    "effect": "minecraft:slowness",
                    "duration": 30,
                    "amplifier": 1,
                    "show_particles": false,
                    "show_icon": false
                }
            },
            {
                "type": "origins:delay",
                "action": {
                    "type": "origins:execute_command",
                    "command": "effect give @e[distance=..65] minecraft:glowing 3 1 true"
                },
                "ticks": 2
            },
            {
                "type": "origins:execute_command",
                "command": "effect clear @s minecraft:glowing"
            },
            {
                "type": "origins:play_sound",
                "sound": "minecraft:block.sculk_sensor.clicking",
                "volume": 1,
                "pitch": 1
            },
            {
                "type": "origins:execute_command",
                "command": "effect clear @s minecraft:blindness"
            },
            {
                "type": "origins:delay",
                "action": {
                    "type": "origins:change_resource",
                    "resource": "sculksieg:pulse_toggle",
                    "change": 0,
                    "operation": "set"
                },
                "ticks": 40
            }
        ]
    },
    "cooldown": 40,
    "hud_render": {
        "should_render": true,
        "sprite_location": "origins:textures/gui/community/spiderkolo/resource_bar_02.png",
        "bar_index": 7
    },
    "key": {
        "key": "key.origins.secondary_active"
    }
}