{
    "name": "Sɪxᴛʜ Sᴇɴsᴇ",
    "description": "Dᴜᴇ ᴛᴏ ʏᴏᴜʀ ᴡᴀʏ ᴏғ ʟɪғᴇ, ʏᴏᴜ ᴄᴀɴ ᴛᴇᴍᴘᴏʀᴀʀɪʟʏ sᴇᴇ ʙʟᴜᴇ ᴏᴜᴛʟɪɴᴇs ᴏғ ᴇɴᴛɪᴛɪᴇs ᴡʜɪʟᴇ ᴛʜᴇʏ ᴀʀᴇ ᴡɪᴛʜɪɴ 10 ʙʟᴏᴄᴋs.",
    "hidden": false,
    "type": "origins:entity_glow",
    "bientity_condition": {
        "type": "origins:distance",
        "comparison": "<=",
        "compare_to": 10
    },
    "use_teams": false,
    "red": 0,
    "green": 0,
    "blue": 1
}