{
    "name": "Exᴘᴇʀɪᴇɴᴄᴇᴅ ғᴏᴏᴅ",
    "description": "Yᴏᴜ ᴄᴀɴ ᴇᴀᴛ ᴇxᴘᴇʀɪᴇɴᴄᴇ ᴛᴏ ʀᴇɢᴇɴᴇʀᴀᴛᴇ ᴛʜᴇ ғᴏᴏᴅ ʙᴀʀ, ᴀʟᴛʜᴏᴜɢʜ ʏᴏᴜ ᴄᴀɴ ᴀʟsᴏ ᴇᴀᴛ ᴄᴏᴍᴍᴏɴ ғᴏᴏᴅ ᴛᴏ ʀᴇɢᴇɴᴇʀᴀᴛᴇ sᴀᴛᴜʀᴀᴛɪᴏɴ. (Exᴘᴇʀɪᴇɴᴄᴇ ᴅᴏᴇs ɴᴏᴛ ᴀᴡᴀʀᴅ sᴀᴛᴜʀᴀᴛɪᴏɴ ᴘᴏɪɴᴛs)",
    "condition": {
        "type": "origins:command",
        "command": "execute if entity @s[nbt={XpTotal:0}]",
        "comparison": "==",
        "compare_to": 0
    },
    "type": "origins:action_over_time",
    "interval": 1,
    "entity_action": {
        "type": "origins:and",
        "actions": [
            {
                "type": "origins:execute_command",
                "command": "/xp add @s -1"
            },
            {
                "type": "origins:feed",
                "food": 2,
                "saturation": 0
            }
        ]
    }
}