{
	"powers": [
		"siegreichtitans:titan_shift_armor",
		"siegreichtitans:titan_death_armor",
		"siegreichtitans:titan_bite",
		"siegreichtitans:titan_resource_energy_armor",
		"siegreichtitans:titan_toggle",
		"siegreichtitans:titan_energy_armor",
		"siegreichtitans:titan_recharge_armor",
		"siegreichtitans:titan_emerge_armor",
		"siegreichtitans:titan_break",
		"siegreichtitans:titan_regeneration",
		"siegreichtitans:titan_regeneration2",
		"siegreichtitans:titan_body",
		"siegreichtitans:titan_jump",
		"siegreichtitans:titan_untag",
		"siegreichtitans:titan_body2",
		"siegreichtitans:armor_shed",
		"siegreichtitans:armor_hands",
		"siegreichtitans:titan_hunger",
		"siegreichtitans:armor_fall",
		"siegreichtitans:titan_food"
	],
	"icon": "minecraft:shield",
	"order": 4,
	"impact": 2,
	"unchoosable": false,
	"name": "Titán Acorazado",
	"description": "El Titán Acorazado (Yoroi no Kyojin), uno de los titánes más resistentes, especializado en edurecimiento, es el escudo de cualquier vanguardia con sus ataques letales y su capacidad de cambiar su movilidad."
}