{
	"powers": [
		"siegreichtitans:titan_shift",
		"siegreichtitans:titan_death",
		"siegreichtitans:titan_bite",
		"siegreichtitans:titan_resource_energy",
		"siegreichtitans:titan_toggle",
		"siegreichtitans:titan_recharge",
		"siegreichtitans:titan_energy",
		"siegreichtitans:titan_emerge",
		"siegreichtitans:titan_break",
		"siegreichtitans:titan_berserk",
		"siegreichtitans:titan_regeneration",
		"siegreichtitans:titan_regeneration2",
		"siegreichtitans:titan_body",
		"siegreichtitans:titan_jump",
		"siegreichtitans:titan_untag",
		"siegreichtitans:titan_body2",
		"siegreichtitans:titan_hunger",
		"siegreichtitans:attack_fall",
		"siegreichtitans:titan_food"
	],
	"icon": "minecraft:iron_sword",
	"order": 4,
	"impact": 2,
	"unchoosable": false,
	"name": "Titán de Ataque",
	"description": "El Titán de Ataque (Shingeki no Kyojin), veloz, ágil y sobre todo letal, diseñado especificamente para combates intensos."
}