{
	"powers": [
		"siegreichtitans:titan_bite",
		"siegreichtitans:titan_shift_beast",
		"siegreichtitans:titan_resource_energy_beast",
		"siegreichtitans:titan_toggle",
		"siegreichtitans:titan_recharge_beast",
		"siegreichtitans:titan_energy_beast",
		"siegreichtitans:titan_emerge_beast",
		"siegreichtitans:titan_break",
		"siegreichtitans:titan_regeneration",
		"siegreichtitans:titan_regeneration2",
		"siegreichtitans:titan_body",
		"siegreichtitans:titan_jump",
		"siegreichtitans:titan_untag",
		"siegreichtitans:titan_body2",
		"siegreichtitans:titan_hunger",
		"siegreichtitans:titan_death_beast",
		"siegreichtitans:titan_food"
	],
	"icon": "minecraft:stone",
	"order": 4,
	"impact": 2,
	"unchoosable": true,
	"name": "Titán Bestia",
	"description": "El Titán Bestia (Kemono no Kyojin) es uno de los titanes más peligrosos, no solo es grande y peludo, también puede arrojar cosas con gran velocidad."
}