{
	"powers": [
		"siegreichtitans:titan_shift_cart",
		"siegreichtitans:titan_death_cart",
		"siegreichtitans:titan_bite",
		"siegreichtitans:titan_resource_energy_cart",
		"siegreichtitans:titan_toggle",
		"siegreichtitans:titan_recharge_cart",
		"siegreichtitans:titan_energy_cart",
		"siegreichtitans:cart_inventory",
		"siegreichtitans:titan_emerge_cart",
		"siegreichtitans:titan_break",
		"siegreichtitans:titan_regeneration",
		"siegreichtitans:titan_regeneration2",
		"siegreichtitans:titan_jump",
		"siegreichtitans:titan_untag",
		"siegreichtitans:titan_body2",
		"siegreichtitans:titan_hunger",
		"siegreichtitans:titan_food",
		"siegreichtitans:cart_climb"
	],
	"icon": "minecraft:chest",
	"order": 4,
	"impact": 2,
	"unchoosable": false,
	"name": "Titán Carguero",
	"description": "El Titán Carguero (Shariki no Kyojin) es un Titán con fines de soporte para trasladar cosas o compañeros, no es el mejor para combatir pero puede transformarse multiples veces."
}