{
	"powers": [
		"siegreichtitans:titan_shift_female",
		"siegreichtitans:titan_death_female",
		"siegreichtitans:titan_bite",
		"siegreichtitans:titan_resource_energy_female",
		"siegreichtitans:titan_toggle",
		"siegreichtitans:titan_recharge_female",
		"siegreichtitans:titan_emerge_female",
		"siegreichtitans:titan_energy_female",
		"siegreichtitans:titan_break",
		"siegreichtitans:titan_regeneration",
		"siegreichtitans:titan_regeneration2",
		"siegreichtitans:titan_body",
		"siegreichtitans:titan_jump",
		"siegreichtitans:titan_untag",
		"siegreichtitans:titan_scream",
		"siegreichtitans:titan_body2",
		"siegreichtitans:female_harden",
		"siegreichtitans:female_harden_loop",
		"siegreichtitans:female_harden_loop2",
		"siegreichtitans:female_harden_cooldown",
		"siegreichtitans:titan_hunger",
		"siegreichtitans:attack_fall",
		"siegreichtitans:titan_food"
	],
	"icon": "minecraft:iron_sword",
	"order": 4,
	"impact": 2,
	"unchoosable": false,
	"name": "Titán Hembra",
	"description": "El Titán Hembra (Megata no Kyojin), un ágil titán de combate, de entre los más veloces, tiene habilidades de endurecimiento avanzado.."
}