{
	"powers": [
		"siegreichtitans:titan_shift_jaw",
		"siegreichtitans:titan_death_jaw",
		"siegreichtitans:titan_bite",
		"siegreichtitans:titan_resource_energy_jaw",
		"siegreichtitans:titan_toggle",
		"siegreichtitans:titan_energy_jaw",
		"siegreichtitans:titan_recharge_jaw",
		"siegreichtitans:titan_emerge_jaw",
		"siegreichtitans:titan_break",
		"siegreichtitans:jaw_dash",
		"siegreichtitans:titan_regeneration",
		"siegreichtitans:titan_regeneration2",
		"siegreichtitans:titan_body",
		"siegreichtitans:titan_jump",
		"siegreichtitans:titan_untag",
		"siegreichtitans:titan_body2",
		"siegreichtitans:titan_hunger",
		"siegreichtitans:jaw_climb",
		"siegreichtitans:titan_food"
	],
	"icon": "minecraft:netherite_sword",
	"order": 4,
	"impact": 2,
	"unchoosable": false,
	"name": "Titán Mandibula",
	"description": "El Titán Mandibula (Agito no Kyojin), el titán más ágil de todos, extremadamente veloz y con unas garras increiblemente fuertes, es debíl pero su capacidad para causar daño no debe ser subestimada."
}