{
	"powers": [
		"siegreichtitans:titan_shift_warhammer",
		"siegreichtitans:titan_death_warhammer",
		"siegreichtitans:titan_bite",
		"siegreichtitans:titan_resource_energy_warhammer",
		"siegreichtitans:titan_toggle",
		"siegreichtitans:titan_recharge_warhammer",
		"siegreichtitans:titan_energy_warhammer",
		"siegreichtitans:titan_emerge_warhammer",
		"siegreichtitans:titan_break",
		"siegreichtitans:warhammerspikes",
		"siegreichtitans:warhammer_weapons",
		"siegreichtitans:titan_regeneration",
		"siegreichtitans:titan_regeneration2",
		"siegreichtitans:titan_body",
		"siegreichtitans:titan_jump",
		"siegreichtitans:titan_untag",
		"siegreichtitans:titan_body2",
		"siegreichtitans:titan_hunger",
		"siegreichtitans:titan_food",
		"siegreichtitans:attack_fall"
	],
	"icon": "minecraft:wooden_axe",
	"order": 4,
	"impact": 2,
	"unchoosable": false,
	"name": "Titán Martillo de Guerra",
	"description": "El Titán Martillo de Guerra (Sentsui no Kyojin) es un Titán adaptable, contiene una capa de edurecimiento maleable, además puede materializar armas a su favor."
}