{
	"powers": [
		"siegreichtitans:titan_shift_winged",
		"siegreichtitans:titan_death_winged",
		"siegreichtitans:titan_bite",
		"siegreichtitans:titan_resource_energy_winged",
		"siegreichtitans:titan_toggle",
		"siegreichtitans:titan_recharge_winged",
		"siegreichtitans:titan_energy_winged",
		"siegreichtitans:titan_emerge_winged",
		"siegreichtitans:titan_break",
		"siegreichtitans:winged_dash",
		"siegreichtitans:titan_regeneration",
		"siegreichtitans:titan_regeneration2",
		"siegreichtitans:titan_body",
		"siegreichtitans:titan_jump",
		"siegreichtitans:titan_untag",
		"siegreichtitans:titan_body2",
		"siegreichtitans:titan_hunger",
		"siegreichtitans:jaw_climb",
		"siegreichtitans:winged_flight",
		"siegreichtitans:titan_food",
		"siegreichtitans:winged_throw"
	],
	"icon": "minecraft:elytra",
	"order": 4,
	"impact": 2,
	"unchoosable": false,
	"name": "Titán Alado",
	"description": "El Titán Alado (Tsubasa no Kyojin), es la mutación del Titán Mandibula, tiene capacidades muy similares al Mandibula con la excepción de que este puede volar."
}