{
  "name": "Exᴘᴇʀɪᴇɴᴄᴇᴅ ɴᴜᴛʀɪᴛɪᴏɴ",
  "description": "Dᴜᴇ ᴛᴏ ᴛʜᴇ ʟᴀᴄᴋ ᴏғ ғᴏᴏᴅ, ʏᴏᴜʀ ʙᴏᴅʏ ʜᴀs ᴀᴅᴀᴘᴛᴇᴅ ᴛᴏ ᴇxᴛʀᴀᴄᴛ ᴇxᴘᴇʀɪᴇɴᴄᴇ ғʀᴏᴍ ᴛʜᴇ ᴡᴏʀʟᴅ ᴀɴᴅ ᴛᴜʀɴ ɪᴛ ɪɴᴛᴏ ғᴏᴏᴅ.",
  "type": "origins:multiple",
  "consume_experience": {
    "type": "origins:action_over_time",
    "interval": 10,
    "condition": {
      "type": "origins:and",
      "conditions": [
        {
          "type": "origins:xp_levels",
          "comparison": ">=",
          "compare_to": 1
        },
        {
          "type": "origins:food_level",
          "comparison": "<=",
          "compare_to": 17
        }
      ]
    },
    "entity_action": {
      "type": "origins:and",
      "actions": [
        {
          "type": "origins:feed",
          "food": 2,
          "saturation": 2
        },
        {
          "type": "origins:add_xp",
          "levels": -1
        }
      ]
    }
  }
}