{
    "type": "origins:multiple",
    "name": "Sɪʟɪᴄᴀᴛᴇ ʀᴇᴍɴᴀɴᴛs",
    "description": "As ᴛʜᴇ sᴀʏɪɴɢ ɢᴏᴇs, ʜᴇᴀᴅ ғᴏʀᴡᴀʀᴅ ᴀɴᴅ ʟᴏᴏᴋɪɴɢ ᴜᴘ, ʏᴏᴜ ɴᴇᴠᴇʀ ᴋɴᴏᴡ ᴡʜᴇɴ ᴀ sᴄᴜʟᴋ ᴍᴀʏ ʙᴇ ʜᴀɴɢɪɴɢ ғʀᴏᴍ ᴛʜᴇ ᴄᴇɪʟɪɴɢ ᴡᴀɪᴛɪɴɢ ᴛʜᴇɪʀ ᴘʀᴇʏ.",

    "swap": {
    	"type": "origins:active_self",
	    "entity_action": {
	    	"type": "origins:if_else_list",
	    	"actions": [
	    		{
	    			"condition": {
	    			"type": "origins:and",
	    			"conditions": [
	    				{
					    "type": "origins:resource",
    					"resource": "*:*_axis",
	    				"comparison": "==",
	    				"compare_to": 2
	    				},
	    				{
					    "type": "origins:resource",
    					"resource": "*:*_y",
	    				"comparison": "==",
	    				"compare_to": 0
	    				}
	    			]
	    			},
	    			"action": {
	    				"type": "origins:and",
    					"actions": [
    						{
			    				"type": "origins:change_resource",
    							"resource": "*:*_y",
    							"operation": "set",
							    "change": 1
							},
							{
								"type": "origins:execute_command",
								"command": "gravity set down"
							}
						]
	    			}
	    		},

	    		{
	    			"condition": {
	    			"type": "origins:and",
	    			"conditions": [
	    				{
					    "type": "origins:resource",
    					"resource": "*:*_axis",
	    				"comparison": "==",
	    				"compare_to": 2
	    				},
	    				{
					    "type": "origins:resource",
    					"resource": "*:*_y",
	    				"comparison": "==",
	    				"compare_to": 1
	    				}
	    			]
	    			},
	    			"action": {
	    				"type": "origins:and",
    					"actions": [
    						{
		    					"type": "origins:change_resource",
    							"resource": "*:*_y",
    							"operation": "set",
							    "change": 0
							},
							{
								"type": "origins:execute_command",
								"command": "gravity set up"
							}
						]
	    			}
	    		}
	    	]
    	},
	    "cooldown": 10,
    	"key": {
	    	"key": "key.origins.quaternary_active"
    	},
	    "hud_render": {
    	    "should_render": false
	    }
    },

    "change": {
    	"type": "origins:active_self",
    	"entity_action": {
    	"type": "origins:if_else_list",
    	"actions": [
    		{
    			"condition": {
				    "type": "origins:resource",
    				"resource": "*:*_axis",
	    			"comparison": "==",
	    			"compare_to": 1
    			},
    			"action": {
    				"type": "origins:and",
    				"actions": [
    					{
	    			"type": "origins:change_resource",
    				"resource": "*:*_axis",
    				"operation": "set",
				    "change": 2
						},
						{
				    "type": "origins:execute_command",
				    "command": "tellraw @p {\"text\":\"Silicate Remnants ready\",\"bold\":true,\"color\":\"white\"}"	
						}
					]
    			}
    		}
    	]
    },
	    "cooldown": 1,
    	"key": {
	    	"key": "key.origins.ternary_active"
    	},
	    "hud_render": {
    	    "should_render": false
	    }
},



    "axis": {
    	"type": "origins:resource",
	    "min": 1,
    	"max": 3,
	    "hud_render": {
    	    "should_render": false
    	}
    },

    "x": {
    	"type": "origins:resource",
	    "min": 0,
    	"max": 1,
	    "hud_render": {
    	    "should_render": false
    	}
    },

    "y": {
    	"type": "origins:resource",
	    "min": 0,
    	"max": 1,
	    "hud_render": {
    	    "should_render": false
    	}
    },

    "z": {
    	"type": "origins:resource",
	    "min": 0,
    	"max": 1,
	    "hud_render": {
    	    "should_render": false
    	}
    }
}