{
  "type": "origins:action_over_time",
  "interval": 5,
  "entity_action": {
    "type": "origins:and",
    "actions": [
      {
        "type": "origins:execute_command",
        "command": "effect give @s minecraft:haste 1 4 true"
      }
    ]
  },
  "name": "Uɴᴄᴏɴᴛʀᴏʟʟᴇᴅ ᴠɪʙʀᴀᴛɪᴏɴ",
  "description": "Sᴄᴜʟᴋᴇʀs ᴛᴇɴᴅ ᴛᴏ ᴠɪʙʀᴀᴛᴇ ᴄᴏɴsᴛᴀɴᴛʟʏ, ᴍᴀᴋɪɴɢ ᴛʜᴇᴍ ʙʀᴇᴀᴋ ʙʟᴏᴄᴋs ᴍᴏʀᴇ ᴇᴀsɪʟʏ."
}