{
    "name": "Dᴇғᴇɴsᴇ Tʀᴀɴsғɪɢᴜʀᴀᴛɪᴏɴ",
    "description": "Wʜᴇɴ ᴀ sᴄᴜʟᴋᴇʀ ғᴇᴇʟs ᴛʜʀᴇᴀᴛᴇɴᴇᴅ ɪᴛ ᴄᴀɴ ᴛʀᴀɴsғɪɢᴜʀᴇ ɪᴛs ʙᴏᴅʏ ɪɴᴛᴏ ᴀ ʜᴜᴍᴀɴᴏɪᴅ ғᴏʀᴍ, ᴅᴜʀɪɴɢ ᴛʜɪs sᴛᴀᴛᴇ ᴛʜᴇ sᴄᴜʟᴋᴇʀ ɪs ᴠɪᴏʟᴇɴᴛ, sʟᴏᴡ ᴀɴᴅ sᴛʀᴏɴɢ.",
    "type": "origins:multiple",
    "invis": {
        "condition": {
            "inverted": true,
            "type": "origins:power_active",
            "power": "*:sizetoggle"
        },
        "type": "origins:invisibility",
        "render_armor": false
    },
    "base_transform": {
        "condition": {
            "type": "origins:power_active",
            "power": "*:sizetoggle",
			"inverted": true
        },
        "type": "origins:active_self",
        "entity_action": {
            "type": "origins:and",
            "actions": [
                {
                    "type": "origins:play_sound",
                    "sound": "minecraft:entity.elder_guardian.ambient_land",
                    "volume": 1,
                    "pitch": 0.1
                },
                {
                    "type": "origins:execute_command",
                    "command": "/scale set pehkui:base 0.5 @s"
                }
            ]
        },
        "cooldown": 0,
        "hud_render": {
            "should_render": false
        },
        "key": {
            "key": "key.origins.ternary_active"
        }
    },
    "big_transform": {
        "condition": {
            "inverted": false,
            "type": "origins:power_active",
            "power": "*:sizetoggle"
        },
        "type": "origins:active_self",
        "entity_action": {
            "type": "origins:and",
            "actions": [
                {
                    "type": "origins:play_sound",
                    "sound": "minecraft:entity.enderman.scream",
                    "volume": 1,
                    "pitch": 0.6
                },
                {
                    "type": "origins:play_sound",
                    "sound": "minecraft:entity.elder_guardian.curse",
                    "volume": 1,
                    "pitch": 0.4
                },
                {
                    "type": "origins:execute_command",
                    "command": "/scale set pehkui:base 1.5 @s"
                }
            ]
        },
        "cooldown": 0,
        "hud_render": {
            "should_render": false
        },
        "key": {
            "key": "key.origins.ternary_active"
        }
    },
    "exhaust": {
		"type": "origins:exhaust",
		"interval": 20,
		"exhaustion": 3.0,
        "condition": {
            "type": "origins:power_active",
            "power": "*:sizetoggle"
        }
    },
    "big_attributes": {
        "condition": {
            "type": "origins:power_active",
            "power": "*:sizetoggle",
			"inverted": false
        },
        "type": "origins:conditioned_attribute",
        "modifiers": [
            {
                "attribute": "minecraft:generic.movement_speed",
                "operation": "addition",
                "value": -0.06
            },
            {
                "attribute": "minecraft:generic.max_health",
                "operation": "addition",
                "value": 20
            },
            {
                "attribute": "minecraft:generic.attack_damage",
                "operation": "multiply_base",
                "value": 2
            }
        ],
        "tick_rate": 10,
        "update_health": true
    },
    "base_attributes": {
        "condition": {
            "inverted": true,
            "type": "origins:power_active",
            "power": "*:sizetoggle"
        },
        "type": "origins:conditioned_attribute",
        "modifiers": [
            {
                "attribute": "minecraft:generic.max_health",
                "operation": "addition",
                "value": -10
            },
            {
                "attribute": "minecraft:generic.movement_speed",
                "operation": "addition",
                "value": 0.1
            },
            {
                "attribute": "minecraft:generic.attack_damage",
                "operation": "multiply_base",
                "value": 0.5
            }
        ],
        "tick_rate": 10,
        "update_health": true
    },
    "base_size": {
        "type": "origins:action_on_callback",
        "execute_chosen_when_orb": false,
        "entity_action_lost": {
            "type": "origins:execute_command",
            "command": "/scale set pehkui:base 1 @s"
        },
        "entity_action_added": {
            "type": "origins:if_else",
            "condition": {
                "inverted": true,
                "type": "origins:power_active",
                "power": "*:sizetoggle"
            },
            "if_action": {
                "type": "origins:execute_command",
                "command": "/scale set pehkui:base 0.5 @s"
            },
            "else_action": {
                "type": "origins:execute_command",
                "command": "/scale set pehkui:base 1.5 @s"
            }
        }
    }
}