{
	"name": "Lɪᴛᴛʟᴇ sᴄᴀᴠᴇɴɢᴇʀ",
    "description": "Sᴄᴜʟᴋᴇʀs ᴀʀᴇ ɴᴏᴛᴇᴅ ғᴏʀ sᴛᴇᴀʟɪɴɢ ɪᴛᴇᴍs ғʀᴏᴍ ᴏᴛʜᴇʀ ʟɪғᴇғᴏʀᴍs. (Oɴʟʏ ᴡᴏʀᴋs ᴡɪᴛʜ ᴘʟᴀʏᴇʀs ᴅᴏɪɴɢ sʜɪғᴛ + ʀɪɢʜᴛ ᴄʟɪᴄᴋ)",
    "type": "origins:action_on_entity_use",
		
    "bientity_action": {
			"type": "origins:if_else_list",
			"actions": [
				{
						"condition": {
							"type": "origins:target_condition",
							"condition": {
								"type": "origins:equipped_item",
								"equipment_slot": "mainhand",
								"item_condition": {
									"type": "origins:empty",
									"inverted": true
								}
							}
						},
						"action": {
							"type": "origins:and",
							"actions": [
									{
										"type": "origins:target_action",
										"action": {
											"type": "origins:execute_command",
											"command": "tag @s add steal_target"
										}
									},
									{    
										"type": "origins:actor_action",
										"action": {
											"type": "origins:execute_command",
											"command": "item replace entity @s weapon.mainhand from entity @p[tag=steal_target] weapon.mainhand"
										}
									},
									{
										"type": "origins:target_action",
										"action": {
											"type": "origins:and",
											"actions": [
													{
															"type": "origins:execute_command",
															"command": "item replace entity @s weapon.mainhand with minecraft:air"
													},
													{    
														"type": "origins:execute_command",
														"command": "tag @s remove steal_target"
													}
											]
										}
									}
							]
						}
				},
				
				{
						"condition": {
							"type": "origins:target_condition",
							"condition": {
								"type": "origins:equipped_item",
								"equipment_slot": "offhand",
								"item_condition": {
									"type": "origins:empty",
									"inverted": true
								}
							}
						},
						"action": {
							"type": "origins:and",
							"actions": [
									{
										"type": "origins:target_action",
										"action": {
											"type": "origins:execute_command",
											"command": "tag @s add steal_target"
										}
									},
									{    
										"type": "origins:actor_action",
										"action": {
											"type": "origins:execute_command",
											"command": "item replace entity @s weapon.mainhand from entity @p[tag=steal_target] weapon.offhand"
										}
									},
									{
										"type": "origins:target_action",
										"action": {
											"type": "origins:and",
											"actions": [
													{
															"type": "origins:execute_command",
															"command": "item replace entity @s weapon.offhand with minecraft:air"
													},
													{    
														"type": "origins:execute_command",
														"command": "tag @s remove steal_target"
													}
											]
										}
									}
							]
						}
				},
				
				{
						"condition": {
							"type": "origins:target_condition",
							"condition": {
								"type": "origins:command",
								"command": "execute if data entity @s Inventory[{Slot:0b}]",
								"comparison": "==",
								"compare_to": 1
							}
						},
						"action": {
							"type": "origins:and",
							"actions": [
									{
										"type": "origins:target_action",
										"action": {
											"type": "origins:execute_command",
											"command": "tag @s add steal_target"
										}
									},
									{    
										"type": "origins:actor_action",
										"action": {
											"type": "origins:execute_command",
											"command": "item replace entity @s weapon.mainhand from entity @p[tag=steal_target] hotbar.0"
										}
									},
									{
										"type": "origins:target_action",
										"action": {
											"type": "origins:and",
											"actions": [
													{
															"type": "origins:execute_command",
															"command": "item replace entity @s hotbar.0 with minecraft:air"
													},
													{    
														"type": "origins:execute_command",
														"command": "tag @s remove steal_target"
													}
											]
										}
									}
							]
						}
				},
				
				{
						"condition": {
							"type": "origins:target_condition",
							"condition": {
								"type": "origins:command",
								"command": "execute if data entity @s Inventory[{Slot:1b}]",
								"comparison": "==",
								"compare_to": 1
							}
						},
						"action": {
							"type": "origins:and",
							"actions": [
									{
										"type": "origins:target_action",
										"action": {
											"type": "origins:execute_command",
											"command": "tag @s add steal_target"
										}
									},
									{    
										"type": "origins:actor_action",
										"action": {
											"type": "origins:execute_command",
											"command": "item replace entity @s weapon.mainhand from entity @p[tag=steal_target] hotbar.1"
										}
									},
									{
										"type": "origins:target_action",
										"action": {
											"type": "origins:and",
											"actions": [
													{
															"type": "origins:execute_command",
															"command": "item replace entity @s hotbar.1 with minecraft:air"
													},
													{    
														"type": "origins:execute_command",
														"command": "tag @s remove steal_target"
													}
											]
										}
									}
							]
						}
				},
				
				{
						"condition": {
							"type": "origins:target_condition",
							"condition": {
								"type": "origins:command",
								"command": "execute if data entity @s Inventory[{Slot:2b}]",
								"comparison": "==",
								"compare_to": 1
							}
						},
						"action": {
							"type": "origins:and",
							"actions": [
									{
										"type": "origins:target_action",
										"action": {
											"type": "origins:execute_command",
											"command": "tag @s add steal_target"
										}
									},
									{    
										"type": "origins:actor_action",
										"action": {
											"type": "origins:execute_command",
											"command": "item replace entity @s weapon.mainhand from entity @p[tag=steal_target] hotbar.2"
										}
									},
									{
										"type": "origins:target_action",
										"action": {
											"type": "origins:and",
											"actions": [
													{
															"type": "origins:execute_command",
															"command": "item replace entity @s hotbar.2 with minecraft:air"
													},
													{    
														"type": "origins:execute_command",
														"command": "tag @s remove steal_target"
													}
											]
										}
									}
							]
						}
				},
				
				{
						"condition": {
							"type": "origins:target_condition",
							"condition": {
								"type": "origins:command",
								"command": "execute if data entity @s Inventory[{Slot:3b}]",
								"comparison": "==",
								"compare_to": 1
							}
						},
						"action": {
							"type": "origins:and",
							"actions": [
									{
										"type": "origins:target_action",
										"action": {
											"type": "origins:execute_command",
											"command": "tag @s add steal_target"
										}
									},
									{    
										"type": "origins:actor_action",
										"action": {
											"type": "origins:execute_command",
											"command": "item replace entity @s weapon.mainhand from entity @p[tag=steal_target] hotbar.3"
										}
									},
									{
										"type": "origins:target_action",
										"action": {
											"type": "origins:and",
											"actions": [
													{
															"type": "origins:execute_command",
															"command": "item replace entity @s hotbar.3 with minecraft:air"
													},
													{    
														"type": "origins:execute_command",
														"command": "tag @s remove steal_target"
													}
											]
										}
									}
							]
						}
				},
				
				{
						"condition": {
							"type": "origins:target_condition",
							"condition": {
								"type": "origins:command",
								"command": "execute if data entity @s Inventory[{Slot:4b}]",
								"comparison": "==",
								"compare_to": 1
							}
						},
						"action": {
							"type": "origins:and",
							"actions": [
									{
										"type": "origins:target_action",
										"action": {
											"type": "origins:execute_command",
											"command": "tag @s add steal_target"
										}
									},
									{    
										"type": "origins:actor_action",
										"action": {
											"type": "origins:execute_command",
											"command": "item replace entity @s weapon.mainhand from entity @p[tag=steal_target] hotbar.4"
										}
									},
									{
										"type": "origins:target_action",
										"action": {
											"type": "origins:and",
											"actions": [
													{
															"type": "origins:execute_command",
															"command": "item replace entity @s hotbar.4 with minecraft:air"
													},
													{    
														"type": "origins:execute_command",
														"command": "tag @s remove steal_target"
													}
											]
										}
									}
							]
						}
				},
				
				{
						"condition": {
							"type": "origins:target_condition",
							"condition": {
								"type": "origins:command",
								"command": "execute if data entity @s Inventory[{Slot:5b}]",
								"comparison": "==",
								"compare_to": 1
							}
						},
						"action": {
							"type": "origins:and",
							"actions": [
									{
										"type": "origins:target_action",
										"action": {
											"type": "origins:execute_command",
											"command": "tag @s add steal_target"
										}
									},
									{    
										"type": "origins:actor_action",
										"action": {
											"type": "origins:execute_command",
											"command": "item replace entity @s weapon.mainhand from entity @p[tag=steal_target] hotbar.5"
										}
									},
									{
										"type": "origins:target_action",
										"action": {
											"type": "origins:and",
											"actions": [
													{
															"type": "origins:execute_command",
															"command": "item replace entity @s hotbar.5 with minecraft:air"
													},
													{    
														"type": "origins:execute_command",
														"command": "tag @s remove steal_target"
													}
											]
										}
									}
							]
						}
				},
				
				{
						"condition": {
							"type": "origins:target_condition",
							"condition": {
								"type": "origins:command",
								"command": "execute if data entity @s Inventory[{Slot:6b}]",
								"comparison": "==",
								"compare_to": 1
							}
						},
						"action": {
							"type": "origins:and",
							"actions": [
									{
										"type": "origins:target_action",
										"action": {
											"type": "origins:execute_command",
											"command": "tag @s add steal_target"
										}
									},
									{    
										"type": "origins:actor_action",
										"action": {
											"type": "origins:execute_command",
											"command": "item replace entity @s weapon.mainhand from entity @p[tag=steal_target] hotbar.6"
										}
									},
									{
										"type": "origins:target_action",
										"action": {
											"type": "origins:and",
											"actions": [
													{
															"type": "origins:execute_command",
															"command": "item replace entity @s hotbar.6 with minecraft:air"
													},
													{    
														"type": "origins:execute_command",
														"command": "tag @s remove steal_target"
													}
											]
										}
									}
							]
						}
				},
				
				{
						"condition": {
							"type": "origins:target_condition",
							"condition": {
								"type": "origins:command",
								"command": "execute if data entity @s Inventory[{Slot:7b}]",
								"comparison": "==",
								"compare_to": 1
							}
						},
						"action": {
							"type": "origins:and",
							"actions": [
									{
										"type": "origins:target_action",
										"action": {
											"type": "origins:execute_command",
											"command": "tag @s add steal_target"
										}
									},
									{    
										"type": "origins:actor_action",
										"action": {
											"type": "origins:execute_command",
											"command": "item replace entity @s weapon.mainhand from entity @p[tag=steal_target] hotbar.7"
										}
									},
									{
										"type": "origins:target_action",
										"action": {
											"type": "origins:and",
											"actions": [
													{
															"type": "origins:execute_command",
															"command": "item replace entity @s hotbar.7 with minecraft:air"
													},
													{    
														"type": "origins:execute_command",
														"command": "tag @s remove steal_target"
													}
											]
										}
									}
							]
						}
				},
				
				{
						"condition": {
							"type": "origins:target_condition",
							"condition": {
								"type": "origins:command",
								"command": "execute if data entity @s Inventory[{Slot:8b}]",
								"comparison": "==",
								"compare_to": 1
							}
						},
						"action": {
							"type": "origins:and",
							"actions": [
									{
										"type": "origins:target_action",
										"action": {
											"type": "origins:execute_command",
											"command": "tag @s add steal_target"
										}
									},
									{    
										"type": "origins:actor_action",
										"action": {
											"type": "origins:execute_command",
											"command": "item replace entity @s weapon.mainhand from entity @p[tag=steal_target] hotbar.8"
										}
									},
									{
										"type": "origins:target_action",
										"action": {
											"type": "origins:and",
											"actions": [
													{
															"type": "origins:execute_command",
															"command": "item replace entity @s hotbar.8 with minecraft:air"
													},
													{    
														"type": "origins:execute_command",
														"command": "tag @s remove steal_target"
													}
											]
										}
									}
							]
						}
				}
			]
    },
				
    "item_condition": {
        "type": "origins:empty"
    },
		
    "hands": [
        "main_hand"
    ],
		
    "condition": {
        "type": "origins:sneaking"
    }
}




